-- Resort recreation activity schema and one-time ingest
-- Sources: official Disney recreation pages + parksmedia A-frame PDF calendars

create type public.activity_category as enum (
  'poolside', 'campfire', 'movies_under_stars', 'fitness_wellness',
  'arts_crafts', 'signature', 'resort_activity', 'arcade',
  'character_experience', 'nighttime_entertainment', 'rental', 'other'
);

create type public.day_of_week as enum (
  'monday', 'tuesday', 'wednesday', 'thursday', 'friday', 'saturday', 'sunday'
);

create table public.activity_calendar_groups (
  calendar_group_key text primary key,
  recreation_page_url text not null,
  pdf_url text,
  pdf_edition text,
  notes text,
  ingested_at timestamptz not null,
  created_at timestamptz not null default now()
);

create table public.resort_activity_sources (
  id uuid primary key default gen_random_uuid(),
  resort_id uuid not null references public.resorts(id) on delete cascade,
  calendar_group_key text not null references public.activity_calendar_groups(calendar_group_key) on delete cascade,
  recreation_page_url text not null,
  is_primary_source boolean not null default true,
  unique (resort_id)
);

create table public.resort_activities (
  id uuid primary key,
  calendar_group_key text not null references public.activity_calendar_groups(calendar_group_key) on delete cascade,
  name text not null,
  normalized_name text not null,
  category public.activity_category not null,
  section text not null,
  location text,
  schedule_text text,
  description text,
  is_fee_based boolean not null default false,
  is_daily boolean not null default false,
  source_pdf_url text,
  unique (calendar_group_key, normalized_name)
);

create table public.activity_schedules (
  id uuid primary key,
  activity_id uuid not null references public.resort_activities(id) on delete cascade,
  day_of_week public.day_of_week,
  start_time time,
  end_time time,
  schedule_notes text,
  is_daily boolean not null default false
);

create table public.movie_nights (
  id uuid primary key,
  activity_id uuid not null references public.resort_activities(id) on delete cascade,
  day_of_week public.day_of_week not null,
  movie_title text not null,
  show_time time,
  location text,
  unique (activity_id, day_of_week)
);

create index resort_activities_category_idx on public.resort_activities (category);
create index resort_activity_sources_group_idx on public.resort_activity_sources (calendar_group_key);

alter table public.activity_calendar_groups enable row level security;
alter table public.resort_activity_sources enable row level security;
alter table public.resort_activities enable row level security;
alter table public.activity_schedules enable row level security;
alter table public.movie_nights enable row level security;

create policy "Activity calendar groups are publicly readable"
  on public.activity_calendar_groups for select to anon, authenticated using (true);
create policy "Resort activity sources are publicly readable"
  on public.resort_activity_sources for select to anon, authenticated using (true);
create policy "Resort activities are publicly readable"
  on public.resort_activities for select to anon, authenticated using (true);
create policy "Activity schedules are publicly readable"
  on public.activity_schedules for select to anon, authenticated using (true);
create policy "Movie nights are publicly readable"
  on public.movie_nights for select to anon, authenticated using (true);

insert into public.activity_calendar_groups (calendar_group_key, recreation_page_url, pdf_url, pdf_edition, notes, ingested_at) values ('all-star-movies', 'https://disneyworld.disney.go.com/resorts/all-star-movies-resort/recreation/', 'https://cdn1.parksmedia.wdprapps.disney.com/vision-dam/digital/parks-platform/parks-global-assets/disney-world/recreation/guide/All-Star-Movies_Aframe_Recreation_1125.pdf', 'guide-1125', null, '2026-06-20T20:29:23.107681+00:00'::timestamptz);
insert into public.activity_calendar_groups (calendar_group_key, recreation_page_url, pdf_url, pdf_edition, notes, ingested_at) values ('all-star-music', 'https://disneyworld.disney.go.com/resorts/all-star-music-resort/recreation/', 'https://cdn1.parksmedia.wdprapps.disney.com/vision-dam/digital/parks-services/services-standard-assets/ops-comm/wdw-csd/resort-collateral/recreation/fy26-q1/All-Star-Music_Aframe_Recreation_0126-V3_DRAFT.pdf', 'fy26-q1-0126', null, '2026-06-20T20:29:23.107681+00:00'::timestamptz);
insert into public.activity_calendar_groups (calendar_group_key, recreation_page_url, pdf_url, pdf_edition, notes, ingested_at) values ('all-star-sports', 'https://disneyworld.disney.go.com/resorts/all-star-sports-resort/recreation/', 'https://cdn1.parksmedia.wdprapps.disney.com/vision-dam/digital/parks-services/services-standard-assets/ops-comm/wdw-csd/resort-collateral/recreation/fy26-q1/All-Star-Sports_Aframe_Recreation_0126_V3_DRAFT.pdf', 'fy26-q1-0126', null, '2026-06-20T20:29:23.107681+00:00'::timestamptz);
insert into public.activity_calendar_groups (calendar_group_key, recreation_page_url, pdf_url, pdf_edition, notes, ingested_at) values ('art-of-animation', 'https://disneyworld.disney.go.com/resorts/art-of-animation-resort/recreation/', 'https://cdn1.parksmedia.wdprapps.disney.com/vision-dam/digital/parks-platform/parks-global-assets/disney-world/resorts/art-of-animation/experience/DAAR_Aframe_Recreation-0525_DIGITAL.pdf', '0525-digital', null, '2026-06-20T20:29:23.107681+00:00'::timestamptz);
insert into public.activity_calendar_groups (calendar_group_key, recreation_page_url, pdf_url, pdf_edition, notes, ingested_at) values ('pop-century', 'https://disneyworld.disney.go.com/resorts/pop-century-resort/recreation/', 'https://cdn1.parksmedia.wdprapps.disney.com/vision-dam/digital/parks-services/services-standard-assets/ops-comm/wdw-csd/resort-collateral/recreation/fy26-q2/POP_Aframe_Recreation-0326.pdf', 'fy26-q2-0326', null, '2026-06-20T20:29:23.107681+00:00'::timestamptz);
insert into public.activity_calendar_groups (calendar_group_key, recreation_page_url, pdf_url, pdf_edition, notes, ingested_at) values ('caribbean-beach', 'https://disneyworld.disney.go.com/resorts/caribbean-beach-resort/recreation/', 'https://cdn1.parksmedia.wdprapps.disney.com/vision-dam/digital/parks-services/services-standard-assets/ops-comm/wdw-csd/resort-collateral/recreation/fy26-q2/CBR_Aframe_Recreation-0326.pdf', 'fy26-q2-0326', null, '2026-06-20T20:29:23.107681+00:00'::timestamptz);
insert into public.activity_calendar_groups (calendar_group_key, recreation_page_url, pdf_url, pdf_edition, notes, ingested_at) values ('coronado-springs', 'https://disneyworld.disney.go.com/resorts/coronado-springs-resort/recreation/', 'https://cdn1.parksmedia.wdprapps.disney.com/vision-dam/digital/parks-services/services-standard-assets/ops-comm/wdw-csd/resort-collateral/recreation/fy26-q2/CSR_Aframe_Recreation-0326.pdf', 'fy26-q2-0326', null, '2026-06-20T20:29:23.107681+00:00'::timestamptz);
insert into public.activity_calendar_groups (calendar_group_key, recreation_page_url, pdf_url, pdf_edition, notes, ingested_at) values ('port-orleans-french-quarter', 'https://disneyworld.disney.go.com/resorts/port-orleans-resort-french-quarter/recreation/', 'https://cdn1.parksmedia.wdprapps.disney.com/vision-dam/digital/parks-services/services-standard-assets/ops-comm/wdw-csd/resort-collateral/recreation/fy26-q2/POFQ_Aframe_Recreation-0326.pdf', 'fy26-q2-0326', 'Guests may participate in activities at Riverside and French Quarter.', '2026-06-20T20:29:23.107681+00:00'::timestamptz);
insert into public.activity_calendar_groups (calendar_group_key, recreation_page_url, pdf_url, pdf_edition, notes, ingested_at) values ('port-orleans-riverside', 'https://disneyworld.disney.go.com/resorts/port-orleans-resort-riverside/recreation/', 'https://cdn1.parksmedia.wdprapps.disney.com/vision-dam/digital/parks-services/services-standard-assets/ops-comm/wdw-csd/resort-collateral/recreation/fy26-q2/PORS_Aframe_Recreation-0326.pdf', 'fy26-q2-0326', 'Guests may participate in activities at Riverside and French Quarter.', '2026-06-20T20:29:23.107681+00:00'::timestamptz);
insert into public.activity_calendar_groups (calendar_group_key, recreation_page_url, pdf_url, pdf_edition, notes, ingested_at) values ('animal-kingdom-jambo', 'https://disneyworld.disney.go.com/resorts/animal-kingdom-lodge/recreation/', 'https://cdn1.parksmedia.wdprapps.disney.com/vision-dam/digital/parks-services/services-standard-assets/ops-comm/wdw-csd/resort-collateral/recreation/fy26-q1/DAKL_Aframe_Recreation_0126_Jambo.pdf', 'fy26-q1-0126-jambo', 'Jambo House calendar; Kidani Village has a separate calendar.', '2026-06-20T20:29:23.107681+00:00'::timestamptz);
insert into public.activity_calendar_groups (calendar_group_key, recreation_page_url, pdf_url, pdf_edition, notes, ingested_at) values ('animal-kingdom-kidani', 'https://disneyworld.disney.go.com/resorts/animal-kingdom-villas-kidani-village/recreation/', 'https://cdn1.parksmedia.wdprapps.disney.com/vision-dam/digital/parks-services/services-standard-assets/ops-comm/wdw-csd/resort-collateral/recreation/fy26-q1/DAKL_Aframe_Recreation_0126_Kidani.pdf', 'fy26-q1-0126-kidani', 'Kidani Village calendar; Jambo House has a separate calendar.', '2026-06-20T20:29:23.107681+00:00'::timestamptz);
insert into public.activity_calendar_groups (calendar_group_key, recreation_page_url, pdf_url, pdf_edition, notes, ingested_at) values ('beach-yacht-club', 'https://disneyworld.disney.go.com/resorts/beach-club-resort/recreation/', 'https://cdn1.parksmedia.wdprapps.disney.com/vision-dam/digital/parks-platform/parks-global-assets/disney-world/recreation/guide/YB_Aframe_Recreation-1125.pdf', 'guide-1125', 'Shared calendar for Disney''s Beach Club and Yacht Club Resorts.', '2026-06-20T20:29:23.107681+00:00'::timestamptz);
insert into public.activity_calendar_groups (calendar_group_key, recreation_page_url, pdf_url, pdf_edition, notes, ingested_at) values ('boardwalk', 'https://disneyworld.disney.go.com/resorts/boardwalk-inn/recreation/', 'https://cdn1.parksmedia.wdprapps.disney.com/vision-dam/digital/parks-services/services-standard-assets/ops-comm/wdw-csd/resort-collateral/recreation/fy26-q2/BW_Aframe_Recreation-0326.pdf', 'fy26-q2-0326', 'Shared calendar for Disney''s BoardWalk Inn and BoardWalk Villas.', '2026-06-20T20:29:23.107681+00:00'::timestamptz);
insert into public.activity_calendar_groups (calendar_group_key, recreation_page_url, pdf_url, pdf_edition, notes, ingested_at) values ('contemporary', 'https://disneyworld.disney.go.com/resorts/contemporary-resort/recreation/', 'https://cdn1.parksmedia.wdprapps.disney.com/vision-dam/digital/parks-services/services-standard-assets/ops-comm/wdw-csd/resort-collateral/recreation/fy26-q2/CTR_Aframe_Recreation-0326.pdf', 'fy26-q2-0326', 'Shared calendar for Contemporary Resort and Bay Lake Tower.', '2026-06-20T20:29:23.107681+00:00'::timestamptz);
insert into public.activity_calendar_groups (calendar_group_key, recreation_page_url, pdf_url, pdf_edition, notes, ingested_at) values ('grand-floridian', 'https://disneyworld.disney.go.com/resorts/grand-floridian-resort-and-spa/recreation/', 'https://cdn1.parksmedia.wdprapps.disney.com/vision-dam/digital/parks-platform/parks-global-assets/disney-world/recreation/guide/GF_Aframe_Recreation-1125.pdf', 'guide-1125', 'Shared calendar for Grand Floridian Resort & Spa and Villas.', '2026-06-20T20:29:23.107681+00:00'::timestamptz);
insert into public.activity_calendar_groups (calendar_group_key, recreation_page_url, pdf_url, pdf_edition, notes, ingested_at) values ('polynesian', 'https://disneyworld.disney.go.com/resorts/polynesian-village-resort/recreation/', 'https://cdn1.parksmedia.wdprapps.disney.com/vision-dam/digital/parks-services/services-standard-assets/ops-comm/wdw-csd/resort-collateral/recreation/fy26-q2/Polynesian_Aframe_Recreation-0326.pdf', 'fy26-q2-0326', 'Shared calendar for Polynesian Village Resort and Polynesian Villas & Bungalows.', '2026-06-20T20:29:23.107681+00:00'::timestamptz);
insert into public.activity_calendar_groups (calendar_group_key, recreation_page_url, pdf_url, pdf_edition, notes, ingested_at) values ('wilderness-lodge', 'https://disneyworld.disney.go.com/resorts/wilderness-lodge/recreation/', 'https://cdn1.parksmedia.wdprapps.disney.com/vision-dam/digital/parks-services/services-standard-assets/ops-comm/wdw-csd/resort-collateral/recreation/fy26-q2/WL_Aframe_Recreation-0326.pdf', 'fy26-q2-0326', 'Shared calendar for Wilderness Lodge and DVC villa wings.', '2026-06-20T20:29:23.107681+00:00'::timestamptz);
insert into public.activity_calendar_groups (calendar_group_key, recreation_page_url, pdf_url, pdf_edition, notes, ingested_at) values ('old-key-west', 'https://disneyworld.disney.go.com/resorts/old-key-west-resort/recreation/', 'https://cdn1.parksmedia.wdprapps.disney.com/vision-dam/digital/parks-services/services-standard-assets/ops-comm/wdw-csd/resort-collateral/recreation/fy26-q2/OKWR_Aframe_Recreation-0326.pdf', 'fy26-q2-0326', null, '2026-06-20T20:29:23.107681+00:00'::timestamptz);
insert into public.activity_calendar_groups (calendar_group_key, recreation_page_url, pdf_url, pdf_edition, notes, ingested_at) values ('riviera', 'https://disneyworld.disney.go.com/resorts/riviera-resort/recreation/', 'https://cdn1.parksmedia.wdprapps.disney.com/vision-dam/digital/parks-services/services-standard-assets/ops-comm/wdw-csd/resort-collateral/recreation/fy26-q2/DRR_Aframe_Recreation-0326.pdf', 'fy26-q2-0326', null, '2026-06-20T20:29:23.107681+00:00'::timestamptz);
insert into public.activity_calendar_groups (calendar_group_key, recreation_page_url, pdf_url, pdf_edition, notes, ingested_at) values ('saratoga-springs', 'https://disneyworld.disney.go.com/resorts/saratoga-springs-resort-and-spa/recreation/', 'https://cdn1.parksmedia.wdprapps.disney.com/vision-dam/digital/parks-services/services-standard-assets/ops-comm/wdw-csd/resort-collateral/recreation/fy26-q2/SSR_Aframe_Recreation-0326.pdf', 'fy26-q2-0326', null, '2026-06-20T20:29:23.107681+00:00'::timestamptz);
insert into public.activity_calendar_groups (calendar_group_key, recreation_page_url, pdf_url, pdf_edition, notes, ingested_at) values ('fort-wilderness', 'https://disneyworld.disney.go.com/resorts/campsites-at-fort-wilderness-resort/recreation/', null, null, 'No A-frame recreation PDF found; activities sourced from official recreation page.', '2026-06-20T20:29:23.107681+00:00'::timestamptz);

-- Link all 31 resorts to their official activity source
insert into public.resort_activity_sources (resort_id, calendar_group_key, recreation_page_url) select id, 'all-star-movies', 'https://disneyworld.disney.go.com/resorts/all-star-movies-resort/recreation/' from public.resorts where slug = 'all-star-movies-resort';
insert into public.resort_activity_sources (resort_id, calendar_group_key, recreation_page_url) select id, 'all-star-music', 'https://disneyworld.disney.go.com/resorts/all-star-music-resort/recreation/' from public.resorts where slug = 'all-star-music-resort';
insert into public.resort_activity_sources (resort_id, calendar_group_key, recreation_page_url) select id, 'all-star-sports', 'https://disneyworld.disney.go.com/resorts/all-star-sports-resort/recreation/' from public.resorts where slug = 'all-star-sports-resort';
insert into public.resort_activity_sources (resort_id, calendar_group_key, recreation_page_url) select id, 'animal-kingdom-jambo', 'https://disneyworld.disney.go.com/resorts/animal-kingdom-lodge/recreation/' from public.resorts where slug = 'animal-kingdom-lodge';
insert into public.resort_activity_sources (resort_id, calendar_group_key, recreation_page_url) select id, 'animal-kingdom-jambo', 'https://disneyworld.disney.go.com/resorts/animal-kingdom-lodge/recreation/' from public.resorts where slug = 'animal-kingdom-villas-jambo-house';
insert into public.resort_activity_sources (resort_id, calendar_group_key, recreation_page_url) select id, 'animal-kingdom-kidani', 'https://disneyworld.disney.go.com/resorts/animal-kingdom-villas-kidani-village/recreation/' from public.resorts where slug = 'animal-kingdom-villas-kidani-village';
insert into public.resort_activity_sources (resort_id, calendar_group_key, recreation_page_url) select id, 'art-of-animation', 'https://disneyworld.disney.go.com/resorts/art-of-animation-resort/recreation/' from public.resorts where slug = 'art-of-animation-resort';
insert into public.resort_activity_sources (resort_id, calendar_group_key, recreation_page_url) select id, 'contemporary', 'https://disneyworld.disney.go.com/resorts/contemporary-resort/recreation/' from public.resorts where slug = 'bay-lake-tower-at-contemporary-resort';
insert into public.resort_activity_sources (resort_id, calendar_group_key, recreation_page_url) select id, 'beach-yacht-club', 'https://disneyworld.disney.go.com/resorts/beach-club-resort/recreation/' from public.resorts where slug = 'beach-club-resort';
insert into public.resort_activity_sources (resort_id, calendar_group_key, recreation_page_url) select id, 'beach-yacht-club', 'https://disneyworld.disney.go.com/resorts/beach-club-resort/recreation/' from public.resorts where slug = 'beach-club-villas';
insert into public.resort_activity_sources (resort_id, calendar_group_key, recreation_page_url) select id, 'boardwalk', 'https://disneyworld.disney.go.com/resorts/boardwalk-inn/recreation/' from public.resorts where slug = 'boardwalk-inn';
insert into public.resort_activity_sources (resort_id, calendar_group_key, recreation_page_url) select id, 'boardwalk', 'https://disneyworld.disney.go.com/resorts/boardwalk-inn/recreation/' from public.resorts where slug = 'boardwalk-villas';
insert into public.resort_activity_sources (resort_id, calendar_group_key, recreation_page_url) select id, 'wilderness-lodge', 'https://disneyworld.disney.go.com/resorts/wilderness-lodge/recreation/' from public.resorts where slug = 'boulder-ridge-villas-at-wilderness-lodge';
insert into public.resort_activity_sources (resort_id, calendar_group_key, recreation_page_url) select id, 'fort-wilderness', 'https://disneyworld.disney.go.com/resorts/campsites-at-fort-wilderness-resort/recreation/' from public.resorts where slug = 'cabins-at-fort-wilderness-resort';
insert into public.resort_activity_sources (resort_id, calendar_group_key, recreation_page_url) select id, 'fort-wilderness', 'https://disneyworld.disney.go.com/resorts/campsites-at-fort-wilderness-resort/recreation/' from public.resorts where slug = 'campsites-at-fort-wilderness-resort';
insert into public.resort_activity_sources (resort_id, calendar_group_key, recreation_page_url) select id, 'caribbean-beach', 'https://disneyworld.disney.go.com/resorts/caribbean-beach-resort/recreation/' from public.resorts where slug = 'caribbean-beach-resort';
insert into public.resort_activity_sources (resort_id, calendar_group_key, recreation_page_url) select id, 'contemporary', 'https://disneyworld.disney.go.com/resorts/contemporary-resort/recreation/' from public.resorts where slug = 'contemporary-resort';
insert into public.resort_activity_sources (resort_id, calendar_group_key, recreation_page_url) select id, 'wilderness-lodge', 'https://disneyworld.disney.go.com/resorts/wilderness-lodge/recreation/' from public.resorts where slug = 'copper-creek-villas-and-cabins-at-wilderness-lodge';
insert into public.resort_activity_sources (resort_id, calendar_group_key, recreation_page_url) select id, 'coronado-springs', 'https://disneyworld.disney.go.com/resorts/coronado-springs-resort/recreation/' from public.resorts where slug = 'coronado-springs-resort';
insert into public.resort_activity_sources (resort_id, calendar_group_key, recreation_page_url) select id, 'grand-floridian', 'https://disneyworld.disney.go.com/resorts/grand-floridian-resort-and-spa/recreation/' from public.resorts where slug = 'grand-floridian-resort-and-spa';
insert into public.resort_activity_sources (resort_id, calendar_group_key, recreation_page_url) select id, 'old-key-west', 'https://disneyworld.disney.go.com/resorts/old-key-west-resort/recreation/' from public.resorts where slug = 'old-key-west-resort';
insert into public.resort_activity_sources (resort_id, calendar_group_key, recreation_page_url) select id, 'polynesian', 'https://disneyworld.disney.go.com/resorts/polynesian-village-resort/recreation/' from public.resorts where slug = 'polynesian-village-resort';
insert into public.resort_activity_sources (resort_id, calendar_group_key, recreation_page_url) select id, 'polynesian', 'https://disneyworld.disney.go.com/resorts/polynesian-village-resort/recreation/' from public.resorts where slug = 'polynesian-villas-and-bungalows';
insert into public.resort_activity_sources (resort_id, calendar_group_key, recreation_page_url) select id, 'pop-century', 'https://disneyworld.disney.go.com/resorts/pop-century-resort/recreation/' from public.resorts where slug = 'pop-century-resort';
insert into public.resort_activity_sources (resort_id, calendar_group_key, recreation_page_url) select id, 'port-orleans-french-quarter', 'https://disneyworld.disney.go.com/resorts/port-orleans-resort-french-quarter/recreation/' from public.resorts where slug = 'port-orleans-resort-french-quarter';
insert into public.resort_activity_sources (resort_id, calendar_group_key, recreation_page_url) select id, 'port-orleans-riverside', 'https://disneyworld.disney.go.com/resorts/port-orleans-resort-riverside/recreation/' from public.resorts where slug = 'port-orleans-resort-riverside';
insert into public.resort_activity_sources (resort_id, calendar_group_key, recreation_page_url) select id, 'riviera', 'https://disneyworld.disney.go.com/resorts/riviera-resort/recreation/' from public.resorts where slug = 'riviera-resort';
insert into public.resort_activity_sources (resort_id, calendar_group_key, recreation_page_url) select id, 'saratoga-springs', 'https://disneyworld.disney.go.com/resorts/saratoga-springs-resort-and-spa/recreation/' from public.resorts where slug = 'saratoga-springs-resort-and-spa';
insert into public.resort_activity_sources (resort_id, calendar_group_key, recreation_page_url) select id, 'grand-floridian', 'https://disneyworld.disney.go.com/resorts/grand-floridian-resort-and-spa/recreation/' from public.resorts where slug = 'villas-at-grand-floridian-resort-and-spa';
insert into public.resort_activity_sources (resort_id, calendar_group_key, recreation_page_url) select id, 'wilderness-lodge', 'https://disneyworld.disney.go.com/resorts/wilderness-lodge/recreation/' from public.resorts where slug = 'wilderness-lodge';
insert into public.resort_activity_sources (resort_id, calendar_group_key, recreation_page_url) select id, 'beach-yacht-club', 'https://disneyworld.disney.go.com/resorts/beach-club-resort/recreation/' from public.resorts where slug = 'yacht-club-resort';

-- Activities
insert into public.resort_activities (id, calendar_group_key, name, normalized_name, category, section, location, schedule_text, description, is_fee_based, is_daily, source_pdf_url) values (md5('act:all-star-movies:wellness-scavenger-hunt')::uuid, 'all-star-movies', 'Wellness Scavenger Hunt', 'wellness-scavenger-hunt', 'fitness_wellness'::public.activity_category, 'RESORT ACTIVITIES', 'Throughout Disney’s All-Star Resorts', 'Daily from 7:00am-11:00pm', 'Find hidden wellness challenges and partake in a scavenger hunt across all three of Disney’s All-Star Resorts. Pick up a map from Donald’s Double Feature to start exploring. Once you’ve finished the challenges, pick up a prize from any merchandise location at Disney’s All-Star Resorts.', false, true, 'https://cdn1.parksmedia.wdprapps.disney.com/vision-dam/digital/parks-platform/parks-global-assets/disney-world/recreation/guide/All-Star-Movies_Aframe_Recreation_1125.pdf');
insert into public.activity_schedules (id, activity_id, is_daily, start_time, end_time, schedule_notes) values (md5('sched:act:all-star-movies:wellness-scavenger-hunt')::uuid, md5('act:all-star-movies:wellness-scavenger-hunt')::uuid, true, '7:00'::time, '11:00'::time, 'Daily from 7:00am-11:00pm');
insert into public.resort_activities (id, calendar_group_key, name, normalized_name, category, section, location, schedule_text, description, is_fee_based, is_daily, source_pdf_url) values (md5('act:all-star-movies:find-a-friend')::uuid, 'all-star-movies', 'Find A Friend', 'find-a-friend', 'resort_activity'::public.activity_category, 'RESORT ACTIVITIES', 'Throughout Disney’s All-Star Resorts', 'Daily from 8:00am-9:00pm', 'Search the Resort for a hidden Goofy photo prop. Once located, snap a photo and then head to the Front Desk to receive a surprise!', false, true, 'https://cdn1.parksmedia.wdprapps.disney.com/vision-dam/digital/parks-platform/parks-global-assets/disney-world/recreation/guide/All-Star-Movies_Aframe_Recreation_1125.pdf');
insert into public.activity_schedules (id, activity_id, is_daily, start_time, end_time, schedule_notes) values (md5('sched:act:all-star-movies:find-a-friend')::uuid, md5('act:all-star-movies:find-a-friend')::uuid, true, '8:00'::time, '9:00'::time, 'Daily from 8:00am-9:00pm');
insert into public.resort_activities (id, calendar_group_key, name, normalized_name, category, section, location, schedule_text, description, is_fee_based, is_daily, source_pdf_url) values (md5('act:all-star-movies:reel-fun-arcade')::uuid, 'all-star-movies', 'Reel Fun Arcade', 'reel-fun-arcade', 'arcade'::public.activity_category, 'RESORT ACTIVITIES', 'Inside Cinema Hall', 'Daily from 8:00am-11:00pm', 'Play the latest and greatest family-friendly video games.', true, true, 'https://cdn1.parksmedia.wdprapps.disney.com/vision-dam/digital/parks-platform/parks-global-assets/disney-world/recreation/guide/All-Star-Movies_Aframe_Recreation_1125.pdf');
insert into public.activity_schedules (id, activity_id, is_daily, start_time, end_time, schedule_notes) values (md5('sched:act:all-star-movies:reel-fun-arcade')::uuid, md5('act:all-star-movies:reel-fun-arcade')::uuid, true, '8:00'::time, '11:00'::time, 'Daily from 8:00am-11:00pm');
insert into public.resort_activities (id, calendar_group_key, name, normalized_name, category, section, location, schedule_text, description, is_fee_based, is_daily, source_pdf_url) values (md5('act:all-star-movies:poolside-activities')::uuid, 'all-star-movies', 'Poolside Activities', 'poolside-activities', 'poolside'::public.activity_category, 'RESORT ACTIVITIES', 'Fantasia Pool Deck', 'Daily at 12:30pm', 'Join us for fun and games, both in and out of the pool. See a Recreation Cast Member for more information.', false, true, 'https://cdn1.parksmedia.wdprapps.disney.com/vision-dam/digital/parks-platform/parks-global-assets/disney-world/recreation/guide/All-Star-Movies_Aframe_Recreation_1125.pdf');
insert into public.activity_schedules (id, activity_id, is_daily, start_time, end_time, schedule_notes) values (md5('sched:act:all-star-movies:poolside-activities')::uuid, md5('act:all-star-movies:poolside-activities')::uuid, true, '12:30'::time, null, 'Daily at 12:30pm');
insert into public.resort_activities (id, calendar_group_key, name, normalized_name, category, section, location, schedule_text, description, is_fee_based, is_daily, source_pdf_url) values (md5('act:all-star-movies:arts-crafts')::uuid, 'all-star-movies', 'Arts & Crafts', 'arts-crafts', 'arts_crafts'::public.activity_category, 'RESORT ACTIVITIES', 'Fantasia Pool Deck', 'Daily from 2:30pm-3:30pm', 'Create a take-home souvenir with a Disney twist!', true, true, 'https://cdn1.parksmedia.wdprapps.disney.com/vision-dam/digital/parks-platform/parks-global-assets/disney-world/recreation/guide/All-Star-Movies_Aframe_Recreation_1125.pdf');
insert into public.activity_schedules (id, activity_id, is_daily, start_time, end_time, schedule_notes) values (md5('sched:act:all-star-movies:arts-crafts')::uuid, md5('act:all-star-movies:arts-crafts')::uuid, true, '2:30'::time, '3:30'::time, 'Daily from 2:30pm-3:30pm');
insert into public.resort_activities (id, calendar_group_key, name, normalized_name, category, section, location, schedule_text, description, is_fee_based, is_daily, source_pdf_url) values (md5('act:all-star-movies:mickey-tie-dye')::uuid, 'all-star-movies', 'Mickey Tie-Dye', 'mickey-tie-dye', 'arts_crafts'::public.activity_category, 'RESORT ACTIVITIES', 'Fantasia Pool Deck', 'Tuesday, Thursday and Saturday from 2:30pm-3:30pm', 'Get creative with a Disney twist on this arts and crafts favorite!', true, false, 'https://cdn1.parksmedia.wdprapps.disney.com/vision-dam/digital/parks-platform/parks-global-assets/disney-world/recreation/guide/All-Star-Movies_Aframe_Recreation_1125.pdf');
insert into public.activity_schedules (id, activity_id, day_of_week, start_time, end_time, schedule_notes) values (md5('sched:act:all-star-movies:mickey-tie-dye:tuesday')::uuid, md5('act:all-star-movies:mickey-tie-dye')::uuid, 'tuesday'::public.day_of_week, '2:30'::time, '3:30'::time, 'Tuesday, Thursday and Saturday from 2:30pm-3:30pm');
insert into public.activity_schedules (id, activity_id, day_of_week, start_time, end_time, schedule_notes) values (md5('sched:act:all-star-movies:mickey-tie-dye:thursday')::uuid, md5('act:all-star-movies:mickey-tie-dye')::uuid, 'thursday'::public.day_of_week, '2:30'::time, '3:30'::time, 'Tuesday, Thursday and Saturday from 2:30pm-3:30pm');
insert into public.activity_schedules (id, activity_id, day_of_week, start_time, end_time, schedule_notes) values (md5('sched:act:all-star-movies:mickey-tie-dye:saturday')::uuid, md5('act:all-star-movies:mickey-tie-dye')::uuid, 'saturday'::public.day_of_week, '2:30'::time, '3:30'::time, 'Tuesday, Thursday and Saturday from 2:30pm-3:30pm');
insert into public.resort_activities (id, calendar_group_key, name, normalized_name, category, section, location, schedule_text, description, is_fee_based, is_daily, source_pdf_url) values (md5('act:all-star-movies:arcade-tournament')::uuid, 'all-star-movies', 'Arcade Tournament', 'arcade-tournament', 'arcade'::public.activity_category, 'RESORT ACTIVITIES', 'Reel Fun Arcade', 'Daily from 4:00pm-5:00pm', 'Come test your skills at our daily arcade tournament. You may find yourself going home with a prize of your own! SORCERER’S CAMPFIRE Located between Fantasia Buildings 5 and 8 Daily from 6:00pm-7:00pm Enjoy the warm glow of the campfire with complimentary marshmallows. S’mores kits available for purchase.', false, true, 'https://cdn1.parksmedia.wdprapps.disney.com/vision-dam/digital/parks-platform/parks-global-assets/disney-world/recreation/guide/All-Star-Movies_Aframe_Recreation_1125.pdf');
insert into public.activity_schedules (id, activity_id, is_daily, start_time, end_time, schedule_notes) values (md5('sched:act:all-star-movies:arcade-tournament')::uuid, md5('act:all-star-movies:arcade-tournament')::uuid, true, '4:00'::time, '5:00'::time, 'Daily from 4:00pm-5:00pm');
insert into public.resort_activities (id, calendar_group_key, name, normalized_name, category, section, location, schedule_text, description, is_fee_based, is_daily, source_pdf_url) values (md5('act:all-star-movies:winter-themed-activities')::uuid, 'all-star-movies', 'Winter-Themed Activities', 'winter-themed-activities', 'other'::public.activity_category, 'RESORT ACTIVITIES', 'Toy Story Buildings Courtyard', 'Tuesday at 8:00pm', 'Join us for some activities for all to enjoy!', false, false, 'https://cdn1.parksmedia.wdprapps.disney.com/vision-dam/digital/parks-platform/parks-global-assets/disney-world/recreation/guide/All-Star-Movies_Aframe_Recreation_1125.pdf');
insert into public.activity_schedules (id, activity_id, day_of_week, start_time, end_time, schedule_notes) values (md5('sched:act:all-star-movies:winter-themed-activities:tuesday')::uuid, md5('act:all-star-movies:winter-themed-activities')::uuid, 'tuesday'::public.day_of_week, '8:00'::time, null, 'Tuesday at 8:00pm');
insert into public.resort_activities (id, calendar_group_key, name, normalized_name, category, section, location, schedule_text, description, is_fee_based, is_daily, source_pdf_url) values (md5('act:all-star-movies:all-star-lobby-party')::uuid, 'all-star-movies', 'All-Star Lobby Party', 'all-star-lobby-party', 'resort_activity'::public.activity_category, 'RESORT ACTIVITIES', 'Cinema Hall Lobby', 'Thursday and Saturday at 8:00pm', 'Wear your favorite pajamas for games, dancing and more surprise fun as we close out the evening. ($) There is a fee associated with this activity. Hours of operation, lifeguard availability, and other offerings are subject to closures, weather conditions, and change or cancellation without notice. 1125', true, false, 'https://cdn1.parksmedia.wdprapps.disney.com/vision-dam/digital/parks-platform/parks-global-assets/disney-world/recreation/guide/All-Star-Movies_Aframe_Recreation_1125.pdf');
insert into public.activity_schedules (id, activity_id, day_of_week, start_time, end_time, schedule_notes) values (md5('sched:act:all-star-movies:all-star-lobby-party:thursday')::uuid, md5('act:all-star-movies:all-star-lobby-party')::uuid, 'thursday'::public.day_of_week, '8:00'::time, null, 'Thursday and Saturday at 8:00pm');
insert into public.activity_schedules (id, activity_id, day_of_week, start_time, end_time, schedule_notes) values (md5('sched:act:all-star-movies:all-star-lobby-party:saturday')::uuid, md5('act:all-star-movies:all-star-lobby-party')::uuid, 'saturday'::public.day_of_week, '8:00'::time, null, 'Thursday and Saturday at 8:00pm');
insert into public.resort_activities (id, calendar_group_key, name, normalized_name, category, section, location, schedule_text, description, is_fee_based, is_daily, source_pdf_url) values (md5('act:all-star-movies:resort-scavenger-hunt')::uuid, 'all-star-movies', 'Resort Scavenger Hunt', 'resort-scavenger-hunt', 'resort_activity'::public.activity_category, 'RESORT ACTIVITIES', 'ACTIVITIES SCHEDULE TO VIEW', 'THIS INFORMATION DIGITALLY!', 'THIS INFORMATION DIGITALLY! ‘Disney FAMILY WELLNESS WELLNESS SCAVENGER HUNT Throughout Disney’s All-Star Resorts', false, false, 'https://cdn1.parksmedia.wdprapps.disney.com/vision-dam/digital/parks-platform/parks-global-assets/disney-world/recreation/guide/All-Star-Movies_Aframe_Recreation_1125.pdf');
insert into public.resort_activities (id, calendar_group_key, name, normalized_name, category, section, location, schedule_text, description, is_fee_based, is_daily, source_pdf_url) values (md5('act:all-star-movies:arcade')::uuid, 'all-star-movies', 'Arcade', 'arcade', 'arcade'::public.activity_category, 'RESORT ACTIVITIES', 'Come test your skills at our daily arcade tournament.', 'Daily from 4:00pm-5:00pm', 'You may find yourself going home with a prize of your own! SORCERER’S CAMPFIRE Located between Fantasia Buildings 5 and 8', false, true, 'https://cdn1.parksmedia.wdprapps.disney.com/vision-dam/digital/parks-platform/parks-global-assets/disney-world/recreation/guide/All-Star-Movies_Aframe_Recreation_1125.pdf');
insert into public.activity_schedules (id, activity_id, is_daily, start_time, end_time, schedule_notes) values (md5('sched:act:all-star-movies:arcade')::uuid, md5('act:all-star-movies:arcade')::uuid, true, '4:00'::time, '5:00'::time, 'Daily from 4:00pm-5:00pm');
insert into public.resort_activities (id, calendar_group_key, name, normalized_name, category, section, location, schedule_text, description, is_fee_based, is_daily, source_pdf_url) values (md5('act:all-star-movies:campfire')::uuid, 'all-star-movies', 'Campfire', 'campfire', 'campfire'::public.activity_category, 'RESORT ACTIVITIES', 'Enjoy the warm glow of the campfire with complimentary', 'Daily from 6:00pm-7:00pm', 'marshmallows. S’mores kits available for purchase. WINTER-THEMED ACTIVITIES Toy Story Buildings Courtyard', false, true, 'https://cdn1.parksmedia.wdprapps.disney.com/vision-dam/digital/parks-platform/parks-global-assets/disney-world/recreation/guide/All-Star-Movies_Aframe_Recreation_1125.pdf');
insert into public.activity_schedules (id, activity_id, is_daily, start_time, end_time, schedule_notes) values (md5('sched:act:all-star-movies:campfire')::uuid, md5('act:all-star-movies:campfire')::uuid, true, '6:00'::time, '7:00'::time, 'Daily from 6:00pm-7:00pm');
insert into public.resort_activities (id, calendar_group_key, name, normalized_name, category, section, location, schedule_text, description, is_fee_based, is_daily, source_pdf_url) values (md5('act:all-star-music:wellness-scavenger-hunt')::uuid, 'all-star-music', 'Wellness Scavenger Hunt', 'wellness-scavenger-hunt', 'fitness_wellness'::public.activity_category, 'RESORT ACTIVITIES', 'Throughout Disney’s All-Star Resorts', 'Daily from 7:00am-11:00pm', 'Find hidden wellness challenges and partake in a scavenger hunt across all three of Disney’s All-Star Resorts. Pick up a map from Maestro Mickey’s to start exploring. Once you’ve finished the challenges, pick up a prize from any merchandise location at Disney’s All-Star Resorts.', false, true, 'https://cdn1.parksmedia.wdprapps.disney.com/vision-dam/digital/parks-services/services-standard-assets/ops-comm/wdw-csd/resort-collateral/recreation/fy26-q1/All-Star-Music_Aframe_Recreation_0126-V3_DRAFT.pdf');
insert into public.activity_schedules (id, activity_id, is_daily, start_time, end_time, schedule_notes) values (md5('sched:act:all-star-music:wellness-scavenger-hunt')::uuid, md5('act:all-star-music:wellness-scavenger-hunt')::uuid, true, '7:00'::time, '11:00'::time, 'Daily from 7:00am-11:00pm');
insert into public.resort_activities (id, calendar_group_key, name, normalized_name, category, section, location, schedule_text, description, is_fee_based, is_daily, source_pdf_url) values (md5('act:all-star-music:find-a-friend')::uuid, 'all-star-music', 'Find A Friend', 'find-a-friend', 'resort_activity'::public.activity_category, 'RESORT ACTIVITIES', 'Throughout Disney’s All-Star Resorts', 'Daily from 8:00am-9:00pm', 'Search the Resort for a hidden Goofy photo prop. Once located, snap a photo and then head to the Front Desk to receive a surprise!', false, true, 'https://cdn1.parksmedia.wdprapps.disney.com/vision-dam/digital/parks-services/services-standard-assets/ops-comm/wdw-csd/resort-collateral/recreation/fy26-q1/All-Star-Music_Aframe_Recreation_0126-V3_DRAFT.pdf');
insert into public.activity_schedules (id, activity_id, is_daily, start_time, end_time, schedule_notes) values (md5('sched:act:all-star-music:find-a-friend')::uuid, md5('act:all-star-music:find-a-friend')::uuid, true, '8:00'::time, '9:00'::time, 'Daily from 8:00am-9:00pm');
insert into public.resort_activities (id, calendar_group_key, name, normalized_name, category, section, location, schedule_text, description, is_fee_based, is_daily, source_pdf_url) values (md5('act:all-star-music:design-your-own-mosaic')::uuid, 'all-star-music', 'Design Your Own Mosaic', 'design-your-own-mosaic', 'arts_crafts'::public.activity_category, 'SIGNATURE ACTIVITIES', 'Intermission Food Court', 'Saturday at 1:00pm', 'Create a beautiful mosaic with Disney flair to remind you of your visit to the Walt Disney World® Resort. Please arrive 15 minutes prior to the start time to register. This experience is recommended for Guests ages 12 and up. Space is limited.', true, false, 'https://cdn1.parksmedia.wdprapps.disney.com/vision-dam/digital/parks-services/services-standard-assets/ops-comm/wdw-csd/resort-collateral/recreation/fy26-q1/All-Star-Music_Aframe_Recreation_0126-V3_DRAFT.pdf');
insert into public.activity_schedules (id, activity_id, day_of_week, start_time, end_time, schedule_notes) values (md5('sched:act:all-star-music:design-your-own-mosaic:saturday')::uuid, md5('act:all-star-music:design-your-own-mosaic')::uuid, 'saturday'::public.day_of_week, '1:00'::time, null, 'Saturday at 1:00pm');
insert into public.resort_activities (id, calendar_group_key, name, normalized_name, category, section, location, schedule_text, description, is_fee_based, is_daily, source_pdf_url) values (md5('act:all-star-music:poolside-activities')::uuid, 'all-star-music', 'Poolside Activities', 'poolside-activities', 'poolside'::public.activity_category, 'RESORT ACTIVITIES', 'Calypso Pool Deck', 'Sunday, Monday, Tuesday, Wednesday,', 'Thursday and Friday at 12:30pm; Saturday at 2:30pm Join us for fun and games, both in and out of the pool. See a Recreation Cast Member for more information.', false, false, 'https://cdn1.parksmedia.wdprapps.disney.com/vision-dam/digital/parks-services/services-standard-assets/ops-comm/wdw-csd/resort-collateral/recreation/fy26-q1/All-Star-Music_Aframe_Recreation_0126-V3_DRAFT.pdf');
insert into public.activity_schedules (id, activity_id, day_of_week, start_time, end_time, schedule_notes) values (md5('sched:act:all-star-music:poolside-activities:sunday')::uuid, md5('act:all-star-music:poolside-activities')::uuid, 'sunday'::public.day_of_week, null, null, 'Sunday, Monday, Tuesday, Wednesday,');
insert into public.activity_schedules (id, activity_id, day_of_week, start_time, end_time, schedule_notes) values (md5('sched:act:all-star-music:poolside-activities:monday')::uuid, md5('act:all-star-music:poolside-activities')::uuid, 'monday'::public.day_of_week, null, null, 'Sunday, Monday, Tuesday, Wednesday,');
insert into public.activity_schedules (id, activity_id, day_of_week, start_time, end_time, schedule_notes) values (md5('sched:act:all-star-music:poolside-activities:tuesday')::uuid, md5('act:all-star-music:poolside-activities')::uuid, 'tuesday'::public.day_of_week, null, null, 'Sunday, Monday, Tuesday, Wednesday,');
insert into public.activity_schedules (id, activity_id, day_of_week, start_time, end_time, schedule_notes) values (md5('sched:act:all-star-music:poolside-activities:wednesday')::uuid, md5('act:all-star-music:poolside-activities')::uuid, 'wednesday'::public.day_of_week, null, null, 'Sunday, Monday, Tuesday, Wednesday,');
insert into public.resort_activities (id, calendar_group_key, name, normalized_name, category, section, location, schedule_text, description, is_fee_based, is_daily, source_pdf_url) values (md5('act:all-star-music:arts-crafts')::uuid, 'all-star-music', 'Arts & Crafts', 'arts-crafts', 'arts_crafts'::public.activity_category, 'RESORT ACTIVITIES', 'Calypso Pool Deck', 'Sunday, Monday, Tuesday, Wednesday,', 'Thursday and Friday from 2:30pm-3:30pm Create a take-home souvenir with a Disney twist!', true, false, 'https://cdn1.parksmedia.wdprapps.disney.com/vision-dam/digital/parks-services/services-standard-assets/ops-comm/wdw-csd/resort-collateral/recreation/fy26-q1/All-Star-Music_Aframe_Recreation_0126-V3_DRAFT.pdf');
insert into public.activity_schedules (id, activity_id, day_of_week, start_time, end_time, schedule_notes) values (md5('sched:act:all-star-music:arts-crafts:sunday')::uuid, md5('act:all-star-music:arts-crafts')::uuid, 'sunday'::public.day_of_week, null, null, 'Sunday, Monday, Tuesday, Wednesday,');
insert into public.activity_schedules (id, activity_id, day_of_week, start_time, end_time, schedule_notes) values (md5('sched:act:all-star-music:arts-crafts:monday')::uuid, md5('act:all-star-music:arts-crafts')::uuid, 'monday'::public.day_of_week, null, null, 'Sunday, Monday, Tuesday, Wednesday,');
insert into public.activity_schedules (id, activity_id, day_of_week, start_time, end_time, schedule_notes) values (md5('sched:act:all-star-music:arts-crafts:tuesday')::uuid, md5('act:all-star-music:arts-crafts')::uuid, 'tuesday'::public.day_of_week, null, null, 'Sunday, Monday, Tuesday, Wednesday,');
insert into public.activity_schedules (id, activity_id, day_of_week, start_time, end_time, schedule_notes) values (md5('sched:act:all-star-music:arts-crafts:wednesday')::uuid, md5('act:all-star-music:arts-crafts')::uuid, 'wednesday'::public.day_of_week, null, null, 'Sunday, Monday, Tuesday, Wednesday,');
insert into public.resort_activities (id, calendar_group_key, name, normalized_name, category, section, location, schedule_text, description, is_fee_based, is_daily, source_pdf_url) values (md5('act:all-star-music:mickey-tie-dye')::uuid, 'all-star-music', 'Mickey Tie-Dye', 'mickey-tie-dye', 'arts_crafts'::public.activity_category, 'RESORT ACTIVITIES', 'Calypso Pool Deck', 'Monday, Wednesday and Friday from 2:30pm-3:30pm', 'Get creative with a Disney twist on this arts and crafts favorite!', true, false, 'https://cdn1.parksmedia.wdprapps.disney.com/vision-dam/digital/parks-services/services-standard-assets/ops-comm/wdw-csd/resort-collateral/recreation/fy26-q1/All-Star-Music_Aframe_Recreation_0126-V3_DRAFT.pdf');
insert into public.activity_schedules (id, activity_id, day_of_week, start_time, end_time, schedule_notes) values (md5('sched:act:all-star-music:mickey-tie-dye:monday')::uuid, md5('act:all-star-music:mickey-tie-dye')::uuid, 'monday'::public.day_of_week, '2:30'::time, '3:30'::time, 'Monday, Wednesday and Friday from 2:30pm-3:30pm');
insert into public.activity_schedules (id, activity_id, day_of_week, start_time, end_time, schedule_notes) values (md5('sched:act:all-star-music:mickey-tie-dye:wednesday')::uuid, md5('act:all-star-music:mickey-tie-dye')::uuid, 'wednesday'::public.day_of_week, '2:30'::time, '3:30'::time, 'Monday, Wednesday and Friday from 2:30pm-3:30pm');
insert into public.activity_schedules (id, activity_id, day_of_week, start_time, end_time, schedule_notes) values (md5('sched:act:all-star-music:mickey-tie-dye:friday')::uuid, md5('act:all-star-music:mickey-tie-dye')::uuid, 'friday'::public.day_of_week, '2:30'::time, '3:30'::time, 'Monday, Wednesday and Friday from 2:30pm-3:30pm');
insert into public.resort_activities (id, calendar_group_key, name, normalized_name, category, section, location, schedule_text, description, is_fee_based, is_daily, source_pdf_url) values (md5('act:all-star-music:arcade-tournament')::uuid, 'all-star-music', 'Arcade Tournament', 'arcade-tournament', 'arcade'::public.activity_category, 'RESORT ACTIVITIES', 'Note’able Games Arcade', 'Daily from 4:00pm-5:00pm', 'Come test your skills at our daily arcade tournament. You may find yourself going home with a prize of your own!', false, true, 'https://cdn1.parksmedia.wdprapps.disney.com/vision-dam/digital/parks-services/services-standard-assets/ops-comm/wdw-csd/resort-collateral/recreation/fy26-q1/All-Star-Music_Aframe_Recreation_0126-V3_DRAFT.pdf');
insert into public.activity_schedules (id, activity_id, is_daily, start_time, end_time, schedule_notes) values (md5('sched:act:all-star-music:arcade-tournament')::uuid, md5('act:all-star-music:arcade-tournament')::uuid, true, '4:00'::time, '5:00'::time, 'Daily from 4:00pm-5:00pm');
insert into public.resort_activities (id, calendar_group_key, name, normalized_name, category, section, location, schedule_text, description, is_fee_based, is_daily, source_pdf_url) values (md5('act:all-star-music:calypso-campfire')::uuid, 'all-star-music', 'Calypso Campfire', 'calypso-campfire', 'campfire'::public.activity_category, 'RESORT ACTIVITIES', 'Near the Calypso Pool Deck', 'Daily from 6:00pm-7:00pm', 'Enjoy the warm glow of the campfire with complimentary marshmallows. S’mores kits available for purchase.', false, true, 'https://cdn1.parksmedia.wdprapps.disney.com/vision-dam/digital/parks-services/services-standard-assets/ops-comm/wdw-csd/resort-collateral/recreation/fy26-q1/All-Star-Music_Aframe_Recreation_0126-V3_DRAFT.pdf');
insert into public.activity_schedules (id, activity_id, is_daily, start_time, end_time, schedule_notes) values (md5('sched:act:all-star-music:calypso-campfire')::uuid, md5('act:all-star-music:calypso-campfire')::uuid, true, '6:00'::time, '7:00'::time, 'Daily from 6:00pm-7:00pm');
insert into public.resort_activities (id, calendar_group_key, name, normalized_name, category, section, location, schedule_text, description, is_fee_based, is_daily, source_pdf_url) values (md5('act:all-star-music:all-star-lobby-party')::uuid, 'all-star-music', 'All-Star Lobby Party', 'all-star-lobby-party', 'resort_activity'::public.activity_category, 'RESORT ACTIVITIES', 'Melody Hall Lobby', 'Monday and Wednesday at 8:00pm', 'Wear your favorite pajamas for games, dancing and more surprise fun as we close out the evening.', false, false, 'https://cdn1.parksmedia.wdprapps.disney.com/vision-dam/digital/parks-services/services-standard-assets/ops-comm/wdw-csd/resort-collateral/recreation/fy26-q1/All-Star-Music_Aframe_Recreation_0126-V3_DRAFT.pdf');
insert into public.activity_schedules (id, activity_id, day_of_week, start_time, end_time, schedule_notes) values (md5('sched:act:all-star-music:all-star-lobby-party:monday')::uuid, md5('act:all-star-music:all-star-lobby-party')::uuid, 'monday'::public.day_of_week, '8:00'::time, null, 'Monday and Wednesday at 8:00pm');
insert into public.activity_schedules (id, activity_id, day_of_week, start_time, end_time, schedule_notes) values (md5('sched:act:all-star-music:all-star-lobby-party:wednesday')::uuid, md5('act:all-star-music:all-star-lobby-party')::uuid, 'wednesday'::public.day_of_week, '8:00'::time, null, 'Monday and Wednesday at 8:00pm');
insert into public.resort_activities (id, calendar_group_key, name, normalized_name, category, section, location, schedule_text, description, is_fee_based, is_daily, source_pdf_url) values (md5('act:all-star-music:winter-themed-activities')::uuid, 'all-star-music', 'Winter-Themed Activities', 'winter-themed-activities', 'other'::public.activity_category, 'RESORT ACTIVITIES', 'Broadway Buildings Courtyard', 'Friday at 8:00pm', 'Join us for some activities for all to enjoy! ($) There is a fee associated with this activity. Hours of operation, lifeguard availability, and other offerings are subject to closures, weather conditions, and change or cancellation without notice. 1125 — V3', true, false, 'https://cdn1.parksmedia.wdprapps.disney.com/vision-dam/digital/parks-services/services-standard-assets/ops-comm/wdw-csd/resort-collateral/recreation/fy26-q1/All-Star-Music_Aframe_Recreation_0126-V3_DRAFT.pdf');
insert into public.activity_schedules (id, activity_id, day_of_week, start_time, end_time, schedule_notes) values (md5('sched:act:all-star-music:winter-themed-activities:friday')::uuid, md5('act:all-star-music:winter-themed-activities')::uuid, 'friday'::public.day_of_week, '8:00'::time, null, 'Friday at 8:00pm');
insert into public.resort_activities (id, calendar_group_key, name, normalized_name, category, section, location, schedule_text, description, is_fee_based, is_daily, source_pdf_url) values (md5('act:all-star-music:resort-scavenger-hunt')::uuid, 'all-star-music', 'Resort Scavenger Hunt', 'resort-scavenger-hunt', 'resort_activity'::public.activity_category, 'RESORT ACTIVITIES', 'ACTIVITIES SCHEDULE TO VIEW', 'THIS INFORMATION DIGITALLY!', 'THIS INFORMATION DIGITALLY! ‘<Dienep FAMILY WELLNESS WELLNESS SCAVENGER HUNT Throughout Disney’s All-Star Resorts', false, false, 'https://cdn1.parksmedia.wdprapps.disney.com/vision-dam/digital/parks-services/services-standard-assets/ops-comm/wdw-csd/resort-collateral/recreation/fy26-q1/All-Star-Music_Aframe_Recreation_0126-V3_DRAFT.pdf');
insert into public.resort_activities (id, calendar_group_key, name, normalized_name, category, section, location, schedule_text, description, is_fee_based, is_daily, source_pdf_url) values (md5('act:all-star-music:arcade')::uuid, 'all-star-music', 'Arcade', 'arcade', 'arcade'::public.activity_category, 'RESORT ACTIVITIES', 'Create a beautiful mosaic with Disney', 'Saturday at 1:00pm', 'flair to remind you of your visit to the Walt Disney World® Resort. Please arrive 15 minutes prior to the start time to register. This experience is recommended for Guests ages 12 and up. Space is limited. MOVIE UNDER THE STARS CALYPSO POOL DECK | 8:00PM SUNCAY ...... seseseseceseceseeeccecssscececcesececseseescscscecucecececeeseees Toy Story 3 \& TUCSCAY ....scssssssssssessssessscsscscsecsssessecsssussessssucsessssecseenssscseeess Tangled Ps| THUrSay .....cssessssssssesssssssecsessecsecsessssse', true, false, 'https://cdn1.parksmedia.wdprapps.disney.com/vision-dam/digital/parks-services/services-standard-assets/ops-comm/wdw-csd/resort-collateral/recreation/fy26-q1/All-Star-Music_Aframe_Recreation_0126-V3_DRAFT.pdf');
insert into public.activity_schedules (id, activity_id, day_of_week, start_time, end_time, schedule_notes) values (md5('sched:act:all-star-music:arcade:saturday')::uuid, md5('act:all-star-music:arcade')::uuid, 'saturday'::public.day_of_week, '1:00'::time, null, 'Saturday at 1:00pm');
insert into public.resort_activities (id, calendar_group_key, name, normalized_name, category, section, location, schedule_text, description, is_fee_based, is_daily, source_pdf_url) values (md5('act:all-star-music:campfire')::uuid, 'all-star-music', 'Campfire', 'campfire', 'campfire'::public.activity_category, 'RESORT ACTIVITIES', 'Enjoy the warm glow of the campfire with complimentary', 'Daily from 6:00pm-7:00pm', 'marshmallows. S’mores kits available for purchase. ALL-STAR LOBBY PARTY Melody Hall Lobby', false, true, 'https://cdn1.parksmedia.wdprapps.disney.com/vision-dam/digital/parks-services/services-standard-assets/ops-comm/wdw-csd/resort-collateral/recreation/fy26-q1/All-Star-Music_Aframe_Recreation_0126-V3_DRAFT.pdf');
insert into public.activity_schedules (id, activity_id, is_daily, start_time, end_time, schedule_notes) values (md5('sched:act:all-star-music:campfire')::uuid, md5('act:all-star-music:campfire')::uuid, true, '6:00'::time, '7:00'::time, 'Daily from 6:00pm-7:00pm');
insert into public.resort_activities (id, calendar_group_key, name, normalized_name, category, section, location, schedule_text, description, is_fee_based, is_daily, source_pdf_url) values (md5('act:all-star-sports:wellness-scavenger-hunt')::uuid, 'all-star-sports', 'Wellness Scavenger Hunt', 'wellness-scavenger-hunt', 'fitness_wellness'::public.activity_category, 'RESORT ACTIVITIES', 'Throughout Disney’s All-Star Resorts', 'Daily from 7:00am-11:00pm', 'Find hidden wellness challenges and partake ina scavenger hunt across all three of Disney’s All-Star Resorts. Pick up a map from Sport Goofy Gifts and Sundries to start exploring. Once you’ve finished the challenges, pick up a prize from any merchandise location at Disney’s All-Star Resorts.', false, true, 'https://cdn1.parksmedia.wdprapps.disney.com/vision-dam/digital/parks-services/services-standard-assets/ops-comm/wdw-csd/resort-collateral/recreation/fy26-q1/All-Star-Sports_Aframe_Recreation_0126_V3_DRAFT.pdf');
insert into public.activity_schedules (id, activity_id, is_daily, start_time, end_time, schedule_notes) values (md5('sched:act:all-star-sports:wellness-scavenger-hunt')::uuid, md5('act:all-star-sports:wellness-scavenger-hunt')::uuid, true, '7:00'::time, '11:00'::time, 'Daily from 7:00am-11:00pm');
insert into public.resort_activities (id, calendar_group_key, name, normalized_name, category, section, location, schedule_text, description, is_fee_based, is_daily, source_pdf_url) values (md5('act:all-star-sports:find-a-friend')::uuid, 'all-star-sports', 'Find A Friend', 'find-a-friend', 'resort_activity'::public.activity_category, 'RESORT ACTIVITIES', 'Throughout Disney’s All-Star Resorts', 'Daily from 8:00am-9:00pm', 'Search the Resort for a hidden Goofy photo prop. Once located, snap a photo and then head to the Front Desk to receive a surprise!', false, true, 'https://cdn1.parksmedia.wdprapps.disney.com/vision-dam/digital/parks-services/services-standard-assets/ops-comm/wdw-csd/resort-collateral/recreation/fy26-q1/All-Star-Sports_Aframe_Recreation_0126_V3_DRAFT.pdf');
insert into public.activity_schedules (id, activity_id, is_daily, start_time, end_time, schedule_notes) values (md5('sched:act:all-star-sports:find-a-friend')::uuid, md5('act:all-star-sports:find-a-friend')::uuid, true, '8:00'::time, '9:00'::time, 'Daily from 8:00am-9:00pm');
insert into public.resort_activities (id, calendar_group_key, name, normalized_name, category, section, location, schedule_text, description, is_fee_based, is_daily, source_pdf_url) values (md5('act:all-star-sports:game-point-arcade')::uuid, 'all-star-sports', 'Game Point Arcade', 'game-point-arcade', 'arcade'::public.activity_category, 'RESORT ACTIVITIES', 'Inside Stadium Hall', 'Daily from 8:00am-11:00pm', 'Play the latest and greatest family-friendly video games.', true, true, 'https://cdn1.parksmedia.wdprapps.disney.com/vision-dam/digital/parks-services/services-standard-assets/ops-comm/wdw-csd/resort-collateral/recreation/fy26-q1/All-Star-Sports_Aframe_Recreation_0126_V3_DRAFT.pdf');
insert into public.activity_schedules (id, activity_id, is_daily, start_time, end_time, schedule_notes) values (md5('sched:act:all-star-sports:game-point-arcade')::uuid, md5('act:all-star-sports:game-point-arcade')::uuid, true, '8:00'::time, '11:00'::time, 'Daily from 8:00am-11:00pm');
insert into public.resort_activities (id, calendar_group_key, name, normalized_name, category, section, location, schedule_text, description, is_fee_based, is_daily, source_pdf_url) values (md5('act:all-star-sports:poolside-activities')::uuid, 'all-star-sports', 'Poolside Activities', 'poolside-activities', 'poolside'::public.activity_category, 'RESORT ACTIVITIES', 'Grand Slam Pool Deck', 'Daily at 12:30pm', 'Join us for fun and games, both in and out of the pool. See a Recreation Cast Member for more information.', false, true, 'https://cdn1.parksmedia.wdprapps.disney.com/vision-dam/digital/parks-services/services-standard-assets/ops-comm/wdw-csd/resort-collateral/recreation/fy26-q1/All-Star-Sports_Aframe_Recreation_0126_V3_DRAFT.pdf');
insert into public.activity_schedules (id, activity_id, is_daily, start_time, end_time, schedule_notes) values (md5('sched:act:all-star-sports:poolside-activities')::uuid, md5('act:all-star-sports:poolside-activities')::uuid, true, '12:30'::time, null, 'Daily at 12:30pm');
insert into public.resort_activities (id, calendar_group_key, name, normalized_name, category, section, location, schedule_text, description, is_fee_based, is_daily, source_pdf_url) values (md5('act:all-star-sports:arts-crafts')::uuid, 'all-star-sports', 'Arts & Crafts', 'arts-crafts', 'arts_crafts'::public.activity_category, 'RESORT ACTIVITIES', 'Grand Slam Pool Deck', 'Daily from 2:30pm-3:30pm', 'Create a take-home souvenir with a Disney twist!', true, true, 'https://cdn1.parksmedia.wdprapps.disney.com/vision-dam/digital/parks-services/services-standard-assets/ops-comm/wdw-csd/resort-collateral/recreation/fy26-q1/All-Star-Sports_Aframe_Recreation_0126_V3_DRAFT.pdf');
insert into public.activity_schedules (id, activity_id, is_daily, start_time, end_time, schedule_notes) values (md5('sched:act:all-star-sports:arts-crafts')::uuid, md5('act:all-star-sports:arts-crafts')::uuid, true, '2:30'::time, '3:30'::time, 'Daily from 2:30pm-3:30pm');
insert into public.resort_activities (id, calendar_group_key, name, normalized_name, category, section, location, schedule_text, description, is_fee_based, is_daily, source_pdf_url) values (md5('act:all-star-sports:mickey-tie-dye')::uuid, 'all-star-sports', 'Mickey Tie-Dye', 'mickey-tie-dye', 'arts_crafts'::public.activity_category, 'RESORT ACTIVITIES', 'Outside Stadium Hall near Touchdown! Buildings', 'Tuesday, Thursday and Saturday from 2:30pm-3:30pm', 'Get creative with a Disney twist on this arts and crafts favorite!', true, false, 'https://cdn1.parksmedia.wdprapps.disney.com/vision-dam/digital/parks-services/services-standard-assets/ops-comm/wdw-csd/resort-collateral/recreation/fy26-q1/All-Star-Sports_Aframe_Recreation_0126_V3_DRAFT.pdf');
insert into public.activity_schedules (id, activity_id, day_of_week, start_time, end_time, schedule_notes) values (md5('sched:act:all-star-sports:mickey-tie-dye:tuesday')::uuid, md5('act:all-star-sports:mickey-tie-dye')::uuid, 'tuesday'::public.day_of_week, '2:30'::time, '3:30'::time, 'Tuesday, Thursday and Saturday from 2:30pm-3:30pm');
insert into public.activity_schedules (id, activity_id, day_of_week, start_time, end_time, schedule_notes) values (md5('sched:act:all-star-sports:mickey-tie-dye:thursday')::uuid, md5('act:all-star-sports:mickey-tie-dye')::uuid, 'thursday'::public.day_of_week, '2:30'::time, '3:30'::time, 'Tuesday, Thursday and Saturday from 2:30pm-3:30pm');
insert into public.activity_schedules (id, activity_id, day_of_week, start_time, end_time, schedule_notes) values (md5('sched:act:all-star-sports:mickey-tie-dye:saturday')::uuid, md5('act:all-star-sports:mickey-tie-dye')::uuid, 'saturday'::public.day_of_week, '2:30'::time, '3:30'::time, 'Tuesday, Thursday and Saturday from 2:30pm-3:30pm');
insert into public.resort_activities (id, calendar_group_key, name, normalized_name, category, section, location, schedule_text, description, is_fee_based, is_daily, source_pdf_url) values (md5('act:all-star-sports:arcade-tournament')::uuid, 'all-star-sports', 'Arcade Tournament', 'arcade-tournament', 'arcade'::public.activity_category, 'RESORT ACTIVITIES', 'Game Point Arcade', 'Daily from 4:00pm-5:00pm', 'Come test your skills at our daily arcade tournament. You may find yourself going home with a prize of your own! TOUCHDOWN! CAMPFIRE Outside Stadium Hall near Touchdown! Buildings Daily from 6:00pm-7:00pm Enjoy the warm glow of the campfire with complimentary marshmallows. S’mores kits available for purchase.', false, true, 'https://cdn1.parksmedia.wdprapps.disney.com/vision-dam/digital/parks-services/services-standard-assets/ops-comm/wdw-csd/resort-collateral/recreation/fy26-q1/All-Star-Sports_Aframe_Recreation_0126_V3_DRAFT.pdf');
insert into public.activity_schedules (id, activity_id, is_daily, start_time, end_time, schedule_notes) values (md5('sched:act:all-star-sports:arcade-tournament')::uuid, md5('act:all-star-sports:arcade-tournament')::uuid, true, '4:00'::time, '5:00'::time, 'Daily from 4:00pm-5:00pm');
insert into public.resort_activities (id, calendar_group_key, name, normalized_name, category, section, location, schedule_text, description, is_fee_based, is_daily, source_pdf_url) values (md5('act:all-star-sports:all-star-lobby-party')::uuid, 'all-star-sports', 'All-Star Lobby Party', 'all-star-lobby-party', 'resort_activity'::public.activity_category, 'RESORT ACTIVITIES', 'Stadium Hall Lobby', 'Tuesday and Saturday at 8:00pm', 'Wear your favorite pajamas for games, dancing and more Surprise fun as we close out the evening.', false, false, 'https://cdn1.parksmedia.wdprapps.disney.com/vision-dam/digital/parks-services/services-standard-assets/ops-comm/wdw-csd/resort-collateral/recreation/fy26-q1/All-Star-Sports_Aframe_Recreation_0126_V3_DRAFT.pdf');
insert into public.activity_schedules (id, activity_id, day_of_week, start_time, end_time, schedule_notes) values (md5('sched:act:all-star-sports:all-star-lobby-party:tuesday')::uuid, md5('act:all-star-sports:all-star-lobby-party')::uuid, 'tuesday'::public.day_of_week, '8:00'::time, null, 'Tuesday and Saturday at 8:00pm');
insert into public.activity_schedules (id, activity_id, day_of_week, start_time, end_time, schedule_notes) values (md5('sched:act:all-star-sports:all-star-lobby-party:saturday')::uuid, md5('act:all-star-sports:all-star-lobby-party')::uuid, 'saturday'::public.day_of_week, '8:00'::time, null, 'Tuesday and Saturday at 8:00pm');
insert into public.resort_activities (id, calendar_group_key, name, normalized_name, category, section, location, schedule_text, description, is_fee_based, is_daily, source_pdf_url) values (md5('act:all-star-sports:winter-themed-activities')::uuid, 'all-star-sports', 'Winter-Themed Activities', 'winter-themed-activities', 'other'::public.activity_category, 'RESORT ACTIVITIES', 'Touchdown! Football Field', 'Thursday at 8:00pm', 'Join us for some activities for all to enjoy! ($) There is a fee associated with this activity. Hours of operation, lifeguard availability, and other offerings are subject to closures, weather conditions, and change or cancellation without notice. 1125 - V3', true, false, 'https://cdn1.parksmedia.wdprapps.disney.com/vision-dam/digital/parks-services/services-standard-assets/ops-comm/wdw-csd/resort-collateral/recreation/fy26-q1/All-Star-Sports_Aframe_Recreation_0126_V3_DRAFT.pdf');
insert into public.activity_schedules (id, activity_id, day_of_week, start_time, end_time, schedule_notes) values (md5('sched:act:all-star-sports:winter-themed-activities:thursday')::uuid, md5('act:all-star-sports:winter-themed-activities')::uuid, 'thursday'::public.day_of_week, '8:00'::time, null, 'Thursday at 8:00pm');
insert into public.resort_activities (id, calendar_group_key, name, normalized_name, category, section, location, schedule_text, description, is_fee_based, is_daily, source_pdf_url) values (md5('act:all-star-sports:resort-scavenger-hunt')::uuid, 'all-star-sports', 'Resort Scavenger Hunt', 'resort-scavenger-hunt', 'resort_activity'::public.activity_category, 'RESORT ACTIVITIES', '@ =', '‘Disneys', '‘Disneys R/R gE & So a) A Stairs Pleyel SCAN THIS QR CODE AND SELECT ve ACTIVITIES SCHEDULE TO VIEW THIS INFORMATION DIGITALLY! ‘<Dienep FAMILY WELLNESS WELLNESS SCAVENGER HUNT Throughout Disney’s All-Star Resorts', false, false, 'https://cdn1.parksmedia.wdprapps.disney.com/vision-dam/digital/parks-services/services-standard-assets/ops-comm/wdw-csd/resort-collateral/recreation/fy26-q1/All-Star-Sports_Aframe_Recreation_0126_V3_DRAFT.pdf');
insert into public.resort_activities (id, calendar_group_key, name, normalized_name, category, section, location, schedule_text, description, is_fee_based, is_daily, source_pdf_url) values (md5('act:all-star-sports:arcade')::uuid, 'all-star-sports', 'Arcade', 'arcade', 'arcade'::public.activity_category, 'RESORT ACTIVITIES', 'Come test your skills at our daily arcade tournament.', 'Daily from 4:00pm-5:00pm', 'You may find yourself going home with a prize of your own! TOUCHDOWN! CAMPFIRE Outside Stadium Hall near Touchdown! Buildings', false, true, 'https://cdn1.parksmedia.wdprapps.disney.com/vision-dam/digital/parks-services/services-standard-assets/ops-comm/wdw-csd/resort-collateral/recreation/fy26-q1/All-Star-Sports_Aframe_Recreation_0126_V3_DRAFT.pdf');
insert into public.activity_schedules (id, activity_id, is_daily, start_time, end_time, schedule_notes) values (md5('sched:act:all-star-sports:arcade')::uuid, md5('act:all-star-sports:arcade')::uuid, true, '4:00'::time, '5:00'::time, 'Daily from 4:00pm-5:00pm');
insert into public.resort_activities (id, calendar_group_key, name, normalized_name, category, section, location, schedule_text, description, is_fee_based, is_daily, source_pdf_url) values (md5('act:all-star-sports:campfire')::uuid, 'all-star-sports', 'Campfire', 'campfire', 'campfire'::public.activity_category, 'RESORT ACTIVITIES', 'Enjoy the warm glow of the campfire with complimentary', 'Daily from 6:00pm-7:00pm', 'marshmallows. S’mores kits available for purchase. ALL-STAR LOBBY PARTY Stadium Hall Lobby', false, true, 'https://cdn1.parksmedia.wdprapps.disney.com/vision-dam/digital/parks-services/services-standard-assets/ops-comm/wdw-csd/resort-collateral/recreation/fy26-q1/All-Star-Sports_Aframe_Recreation_0126_V3_DRAFT.pdf');
insert into public.activity_schedules (id, activity_id, is_daily, start_time, end_time, schedule_notes) values (md5('sched:act:all-star-sports:campfire')::uuid, md5('act:all-star-sports:campfire')::uuid, true, '6:00'::time, '7:00'::time, 'Daily from 6:00pm-7:00pm');
insert into public.resort_activities (id, calendar_group_key, name, normalized_name, category, section, location, schedule_text, description, is_fee_based, is_daily, source_pdf_url) values (md5('act:art-of-animation:wake-up-shake-up-party')::uuid, 'art-of-animation', 'Wake Up Shake Up Party', 'wake-up-shake-up-party', 'other'::public.activity_category, 'RESORT ACTIVITIES', 'Generation Gap Bridge', 'Monday, Tuesday, Wednesday,', 'and Thursday from 8:30am-9:00am Join us for family-friendly activities while you prepare for a fun-filled day at the parks.', false, false, 'https://cdn1.parksmedia.wdprapps.disney.com/vision-dam/digital/parks-platform/parks-global-assets/disney-world/resorts/art-of-animation/experience/DAAR_Aframe_Recreation-0525_DIGITAL.pdf');
insert into public.activity_schedules (id, activity_id, day_of_week, start_time, end_time, schedule_notes) values (md5('sched:act:art-of-animation:wake-up-shake-up-party:monday')::uuid, md5('act:art-of-animation:wake-up-shake-up-party')::uuid, 'monday'::public.day_of_week, null, null, 'Monday, Tuesday, Wednesday,');
insert into public.activity_schedules (id, activity_id, day_of_week, start_time, end_time, schedule_notes) values (md5('sched:act:art-of-animation:wake-up-shake-up-party:tuesday')::uuid, md5('act:art-of-animation:wake-up-shake-up-party')::uuid, 'tuesday'::public.day_of_week, null, null, 'Monday, Tuesday, Wednesday,');
insert into public.activity_schedules (id, activity_id, day_of_week, start_time, end_time, schedule_notes) values (md5('sched:act:art-of-animation:wake-up-shake-up-party:wednesday')::uuid, md5('act:art-of-animation:wake-up-shake-up-party')::uuid, 'wednesday'::public.day_of_week, null, null, 'Monday, Tuesday, Wednesday,');
insert into public.resort_activities (id, calendar_group_key, name, normalized_name, category, section, location, schedule_text, description, is_fee_based, is_daily, source_pdf_url) values (md5('act:art-of-animation:experience')::uuid, 'art-of-animation', 'Experience', 'experience', 'other'::public.activity_category, 'RESORT ACTIVITIES', 'Inside and Outside the Lobby Area', 'Daily from 8:50am-9:20am and 3:35pm-3:55pm', 'Enjoy seeing favorite Disney Pals!', false, true, 'https://cdn1.parksmedia.wdprapps.disney.com/vision-dam/digital/parks-platform/parks-global-assets/disney-world/resorts/art-of-animation/experience/DAAR_Aframe_Recreation-0525_DIGITAL.pdf');
insert into public.activity_schedules (id, activity_id, is_daily, start_time, end_time, schedule_notes) values (md5('sched:act:art-of-animation:experience')::uuid, md5('act:art-of-animation:experience')::uuid, true, '8:50'::time, '9:20'::time, 'Daily from 8:50am-9:20am and 3:35pm-3:55pm');
insert into public.resort_activities (id, calendar_group_key, name, normalized_name, category, section, location, schedule_text, description, is_fee_based, is_daily, source_pdf_url) values (md5('act:art-of-animation:disney-fan-family-fun')::uuid, 'art-of-animation', 'Disney Fan Family Fun', 'disney-fan-family-fun', 'other'::public.activity_category, 'RESORT ACTIVITIES', 'Inside Animation Hall', 'Sunday, Thursday and Saturday at 3:25pm and', '5:05pm; Tuesday and Friday at 1:35pm and 6:55pm Play along with this FUNatical Disney Fan Family in zany rounds of fast-paced interactive games and vacation hijinks that will put your Disney fandom on full display.', false, false, 'https://cdn1.parksmedia.wdprapps.disney.com/vision-dam/digital/parks-platform/parks-global-assets/disney-world/resorts/art-of-animation/experience/DAAR_Aframe_Recreation-0525_DIGITAL.pdf');
insert into public.activity_schedules (id, activity_id, day_of_week, start_time, end_time, schedule_notes) values (md5('sched:act:art-of-animation:disney-fan-family-fun:sunday')::uuid, md5('act:art-of-animation:disney-fan-family-fun')::uuid, 'sunday'::public.day_of_week, '3:25'::time, null, 'Sunday, Thursday and Saturday at 3:25pm and');
insert into public.activity_schedules (id, activity_id, day_of_week, start_time, end_time, schedule_notes) values (md5('sched:act:art-of-animation:disney-fan-family-fun:thursday')::uuid, md5('act:art-of-animation:disney-fan-family-fun')::uuid, 'thursday'::public.day_of_week, '3:25'::time, null, 'Sunday, Thursday and Saturday at 3:25pm and');
insert into public.activity_schedules (id, activity_id, day_of_week, start_time, end_time, schedule_notes) values (md5('sched:act:art-of-animation:disney-fan-family-fun:saturday')::uuid, md5('act:art-of-animation:disney-fan-family-fun')::uuid, 'saturday'::public.day_of_week, '3:25'::time, null, 'Sunday, Thursday and Saturday at 3:25pm and');
insert into public.resort_activities (id, calendar_group_key, name, normalized_name, category, section, location, schedule_text, description, is_fee_based, is_daily, source_pdf_url) values (md5('act:art-of-animation:pajama-party')::uuid, 'art-of-animation', 'Pajama Party', 'pajama-party', 'other'::public.activity_category, 'RESORT ACTIVITIES', 'Movie Lawn near The Big Blue Pool', 'Sunday, Monday, Tuesday, Wednesday and', 'Thursday at 8:00pm Join us for some fun for the little ones to end the day in style.', false, false, 'https://cdn1.parksmedia.wdprapps.disney.com/vision-dam/digital/parks-platform/parks-global-assets/disney-world/resorts/art-of-animation/experience/DAAR_Aframe_Recreation-0525_DIGITAL.pdf');
insert into public.activity_schedules (id, activity_id, day_of_week, start_time, end_time, schedule_notes) values (md5('sched:act:art-of-animation:pajama-party:sunday')::uuid, md5('act:art-of-animation:pajama-party')::uuid, 'sunday'::public.day_of_week, null, null, 'Sunday, Monday, Tuesday, Wednesday and');
insert into public.activity_schedules (id, activity_id, day_of_week, start_time, end_time, schedule_notes) values (md5('sched:act:art-of-animation:pajama-party:monday')::uuid, md5('act:art-of-animation:pajama-party')::uuid, 'monday'::public.day_of_week, null, null, 'Sunday, Monday, Tuesday, Wednesday and');
insert into public.activity_schedules (id, activity_id, day_of_week, start_time, end_time, schedule_notes) values (md5('sched:act:art-of-animation:pajama-party:tuesday')::uuid, md5('act:art-of-animation:pajama-party')::uuid, 'tuesday'::public.day_of_week, null, null, 'Sunday, Monday, Tuesday, Wednesday and');
insert into public.activity_schedules (id, activity_id, day_of_week, start_time, end_time, schedule_notes) values (md5('sched:act:art-of-animation:pajama-party:wednesday')::uuid, md5('act:art-of-animation:pajama-party')::uuid, 'wednesday'::public.day_of_week, null, null, 'Sunday, Monday, Tuesday, Wednesday and');
insert into public.resort_activities (id, calendar_group_key, name, normalized_name, category, section, location, schedule_text, description, is_fee_based, is_daily, source_pdf_url) values (md5('act:art-of-animation:mosaic-craft')::uuid, 'art-of-animation', 'Mosaic Craft', 'mosaic-craft', 'arts_crafts'::public.activity_category, 'SIGNATURE ACTIVITIES', 'Inside Animation Hall', 'Wednesday at 12:30pm', 'Create your own mosaic masterpiece! FISH ARE FRIENDS AQUARIUMS:', true, false, 'https://cdn1.parksmedia.wdprapps.disney.com/vision-dam/digital/parks-platform/parks-global-assets/disney-world/resorts/art-of-animation/experience/DAAR_Aframe_Recreation-0525_DIGITAL.pdf');
insert into public.activity_schedules (id, activity_id, day_of_week, start_time, end_time, schedule_notes) values (md5('sched:act:art-of-animation:mosaic-craft:wednesday')::uuid, md5('act:art-of-animation:mosaic-craft')::uuid, 'wednesday'::public.day_of_week, '12:30'::time, null, 'Wednesday at 12:30pm');
insert into public.resort_activities (id, calendar_group_key, name, normalized_name, category, section, location, schedule_text, description, is_fee_based, is_daily, source_pdf_url) values (md5('act:art-of-animation:signature-craft')::uuid, 'art-of-animation', 'Signature Craft', 'signature-craft', 'arts_crafts'::public.activity_category, 'SIGNATURE ACTIVITIES', 'Inside Animation Hall', 'Sunday, Tuesday and Thursday from 3:00pm-4:00pm', 'Create an original craft!', true, false, 'https://cdn1.parksmedia.wdprapps.disney.com/vision-dam/digital/parks-platform/parks-global-assets/disney-world/resorts/art-of-animation/experience/DAAR_Aframe_Recreation-0525_DIGITAL.pdf');
insert into public.activity_schedules (id, activity_id, day_of_week, start_time, end_time, schedule_notes) values (md5('sched:act:art-of-animation:signature-craft:sunday')::uuid, md5('act:art-of-animation:signature-craft')::uuid, 'sunday'::public.day_of_week, '3:00'::time, '4:00'::time, 'Sunday, Tuesday and Thursday from 3:00pm-4:00pm');
insert into public.activity_schedules (id, activity_id, day_of_week, start_time, end_time, schedule_notes) values (md5('sched:act:art-of-animation:signature-craft:tuesday')::uuid, md5('act:art-of-animation:signature-craft')::uuid, 'tuesday'::public.day_of_week, '3:00'::time, '4:00'::time, 'Sunday, Tuesday and Thursday from 3:00pm-4:00pm');
insert into public.activity_schedules (id, activity_id, day_of_week, start_time, end_time, schedule_notes) values (md5('sched:act:art-of-animation:signature-craft:thursday')::uuid, md5('act:art-of-animation:signature-craft')::uuid, 'thursday'::public.day_of_week, '3:00'::time, '4:00'::time, 'Sunday, Tuesday and Thursday from 3:00pm-4:00pm');
insert into public.resort_activities (id, calendar_group_key, name, normalized_name, category, section, location, schedule_text, description, is_fee_based, is_daily, source_pdf_url) values (md5('act:art-of-animation:find-a-friend')::uuid, 'art-of-animation', 'Find A Friend', 'find-a-friend', 'resort_activity'::public.activity_category, 'RESORT ACTIVITIES', 'Throughout Disney’s Art of Animation Resort', 'Daily from 8:00am-10:00pm', 'Search the Resort for a hidden Nala photo prop. Once located, snap a photo and then head to the Front Desk to receive a surprise!', false, true, 'https://cdn1.parksmedia.wdprapps.disney.com/vision-dam/digital/parks-platform/parks-global-assets/disney-world/resorts/art-of-animation/experience/DAAR_Aframe_Recreation-0525_DIGITAL.pdf');
insert into public.activity_schedules (id, activity_id, is_daily, start_time, end_time, schedule_notes) values (md5('sched:act:art-of-animation:find-a-friend')::uuid, md5('act:art-of-animation:find-a-friend')::uuid, true, '8:00'::time, '10:00'::time, 'Daily from 8:00am-10:00pm');
insert into public.resort_activities (id, calendar_group_key, name, normalized_name, category, section, location, schedule_text, description, is_fee_based, is_daily, source_pdf_url) values (md5('act:art-of-animation:story-time-yoga')::uuid, 'art-of-animation', 'Story Time Yoga', 'story-time-yoga', 'fitness_wellness'::public.activity_category, 'RESORT ACTIVITIES', 'Movie Lawn near The Big Blue Pool', 'Wednesday from 9:00am-9:30am', 'Join us for stretches and stories inspired by our Disney friends.', false, false, 'https://cdn1.parksmedia.wdprapps.disney.com/vision-dam/digital/parks-platform/parks-global-assets/disney-world/resorts/art-of-animation/experience/DAAR_Aframe_Recreation-0525_DIGITAL.pdf');
insert into public.activity_schedules (id, activity_id, day_of_week, start_time, end_time, schedule_notes) values (md5('sched:act:art-of-animation:story-time-yoga:wednesday')::uuid, md5('act:art-of-animation:story-time-yoga')::uuid, 'wednesday'::public.day_of_week, '9:00'::time, '9:30'::time, 'Wednesday from 9:00am-9:30am');
insert into public.resort_activities (id, calendar_group_key, name, normalized_name, category, section, location, schedule_text, description, is_fee_based, is_daily, source_pdf_url) values (md5('act:art-of-animation:family-wellness-dance-class')::uuid, 'art-of-animation', 'Family Wellness Dance Class', 'family-wellness-dance-class', 'fitness_wellness'::public.activity_category, 'RESORT ACTIVITIES', 'Between The Lion King Buildings 6 and 10', 'Friday from 9:00am-9:30am', 'Enjoy stretching, singing and dancing to music inspired by “The Lion King.”', false, false, 'https://cdn1.parksmedia.wdprapps.disney.com/vision-dam/digital/parks-platform/parks-global-assets/disney-world/resorts/art-of-animation/experience/DAAR_Aframe_Recreation-0525_DIGITAL.pdf');
insert into public.activity_schedules (id, activity_id, day_of_week, start_time, end_time, schedule_notes) values (md5('sched:act:art-of-animation:family-wellness-dance-class:friday')::uuid, md5('act:art-of-animation:family-wellness-dance-class')::uuid, 'friday'::public.day_of_week, '9:00'::time, '9:30'::time, 'Friday from 9:00am-9:30am');
insert into public.resort_activities (id, calendar_group_key, name, normalized_name, category, section, location, schedule_text, description, is_fee_based, is_daily, source_pdf_url) values (md5('act:art-of-animation:poolside-activities')::uuid, 'art-of-animation', 'Poolside Activities', 'poolside-activities', 'poolside'::public.activity_category, 'RESORT ACTIVITIES', null, 'The Big Blue Pool Deck | Daily from 1:;00pm-2:30pm', null, false, true, 'https://cdn1.parksmedia.wdprapps.disney.com/vision-dam/digital/parks-platform/parks-global-assets/disney-world/resorts/art-of-animation/experience/DAAR_Aframe_Recreation-0525_DIGITAL.pdf');
insert into public.activity_schedules (id, activity_id, is_daily, start_time, end_time, schedule_notes) values (md5('sched:act:art-of-animation:poolside-activities')::uuid, md5('act:art-of-animation:poolside-activities')::uuid, true, '2:30'::time, null, 'The Big Blue Pool Deck | Daily from 1:;00pm-2:30pm');
insert into public.resort_activities (id, calendar_group_key, name, normalized_name, category, section, location, schedule_text, description, is_fee_based, is_daily, source_pdf_url) values (md5('act:art-of-animation:mickey-tie-dye')::uuid, 'art-of-animation', 'Mickey Tie-Dye', 'mickey-tie-dye', 'arts_crafts'::public.activity_category, 'RESORT ACTIVITIES', 'Outside Animation Hall', 'Monday, Wednesday, Friday', 'and Saturday from 3:00pm-4:00pm', true, false, 'https://cdn1.parksmedia.wdprapps.disney.com/vision-dam/digital/parks-platform/parks-global-assets/disney-world/resorts/art-of-animation/experience/DAAR_Aframe_Recreation-0525_DIGITAL.pdf');
insert into public.activity_schedules (id, activity_id, day_of_week, start_time, end_time, schedule_notes) values (md5('sched:act:art-of-animation:mickey-tie-dye:monday')::uuid, md5('act:art-of-animation:mickey-tie-dye')::uuid, 'monday'::public.day_of_week, null, null, 'Monday, Wednesday, Friday');
insert into public.activity_schedules (id, activity_id, day_of_week, start_time, end_time, schedule_notes) values (md5('sched:act:art-of-animation:mickey-tie-dye:wednesday')::uuid, md5('act:art-of-animation:mickey-tie-dye')::uuid, 'wednesday'::public.day_of_week, null, null, 'Monday, Wednesday, Friday');
insert into public.activity_schedules (id, activity_id, day_of_week, start_time, end_time, schedule_notes) values (md5('sched:act:art-of-animation:mickey-tie-dye:friday')::uuid, md5('act:art-of-animation:mickey-tie-dye')::uuid, 'friday'::public.day_of_week, null, null, 'Monday, Wednesday, Friday');
insert into public.resort_activities (id, calendar_group_key, name, normalized_name, category, section, location, schedule_text, description, is_fee_based, is_daily, source_pdf_url) values (md5('act:art-of-animation:campfire-at-pride-rock')::uuid, 'art-of-animation', 'Campfire At Pride Rock', 'campfire-at-pride-rock', 'campfire'::public.activity_category, 'RESORT ACTIVITIES', 'Between The Lion King Buildings 6 and 10', 'Nightly from 6:30pm-7:30pm', null, false, true, 'https://cdn1.parksmedia.wdprapps.disney.com/vision-dam/digital/parks-platform/parks-global-assets/disney-world/resorts/art-of-animation/experience/DAAR_Aframe_Recreation-0525_DIGITAL.pdf');
insert into public.activity_schedules (id, activity_id, is_daily, start_time, end_time, schedule_notes) values (md5('sched:act:art-of-animation:campfire-at-pride-rock')::uuid, md5('act:art-of-animation:campfire-at-pride-rock')::uuid, true, '6:30'::time, '7:30'::time, 'Nightly from 6:30pm-7:30pm');
insert into public.resort_activities (id, calendar_group_key, name, normalized_name, category, section, location, schedule_text, description, is_fee_based, is_daily, source_pdf_url) values (md5('act:art-of-animation:nighttime-trivia')::uuid, 'art-of-animation', 'Nighttime Trivia', 'nighttime-trivia', 'nighttime_entertainment'::public.activity_category, 'RESORT ACTIVITIES', 'Movie Lawn near The Big Blue Pool', 'Friday and Saturday at 8:00pm', null, false, false, 'https://cdn1.parksmedia.wdprapps.disney.com/vision-dam/digital/parks-platform/parks-global-assets/disney-world/resorts/art-of-animation/experience/DAAR_Aframe_Recreation-0525_DIGITAL.pdf');
insert into public.activity_schedules (id, activity_id, day_of_week, start_time, end_time, schedule_notes) values (md5('sched:act:art-of-animation:nighttime-trivia:friday')::uuid, md5('act:art-of-animation:nighttime-trivia')::uuid, 'friday'::public.day_of_week, '8:00'::time, null, 'Friday and Saturday at 8:00pm');
insert into public.activity_schedules (id, activity_id, day_of_week, start_time, end_time, schedule_notes) values (md5('sched:act:art-of-animation:nighttime-trivia:saturday')::uuid, md5('act:art-of-animation:nighttime-trivia')::uuid, 'saturday'::public.day_of_week, '8:00'::time, null, 'Friday and Saturday at 8:00pm');
insert into public.resort_activities (id, calendar_group_key, name, normalized_name, category, section, location, schedule_text, description, is_fee_based, is_daily, source_pdf_url) values (md5('act:art-of-animation:movie-under-the-stars')::uuid, 'art-of-animation', 'Movie Under the Stars', 'movie-under-the-stars', 'movies_under_stars'::public.activity_category, 'MOVIE UNDER THE STARS', 'THE BIG BLUE POOL', '8:30PM', null, false, false, 'https://cdn1.parksmedia.wdprapps.disney.com/vision-dam/digital/parks-platform/parks-global-assets/disney-world/resorts/art-of-animation/experience/DAAR_Aframe_Recreation-0525_DIGITAL.pdf');
insert into public.movie_nights (id, activity_id, day_of_week, movie_title, show_time, location) values (md5('movie:act:art-of-animation:movie-under-the-stars:tuesday')::uuid, md5('act:art-of-animation:movie-under-the-stars')::uuid, 'tuesday'::public.day_of_week, 'eesesecsssseseseesecesscceccecececeeeeeseeeseeeees “Finding Nemo”', '8:30'::time, 'THE BIG BLUE POOL');
insert into public.resort_activities (id, calendar_group_key, name, normalized_name, category, section, location, schedule_text, description, is_fee_based, is_daily, source_pdf_url) values (md5('act:pop-century:find-a-friend')::uuid, 'pop-century', 'Find A Friend', 'find-a-friend', 'resort_activity'::public.activity_category, 'RESORT ACTIVITIES', 'Inside Classic Hall', 'Daily from 8:00am-10:00pm', 'Search the Resort for a hidden Goofy photo prop. Once located, snap a photo and then head to the Front Desk to receive a surprise!', false, true, 'https://cdn1.parksmedia.wdprapps.disney.com/vision-dam/digital/parks-services/services-standard-assets/ops-comm/wdw-csd/resort-collateral/recreation/fy26-q2/POP_Aframe_Recreation-0326.pdf');
insert into public.activity_schedules (id, activity_id, is_daily, start_time, end_time, schedule_notes) values (md5('sched:act:pop-century:find-a-friend')::uuid, md5('act:pop-century:find-a-friend')::uuid, true, '8:00'::time, '10:00'::time, 'Daily from 8:00am-10:00pm');
insert into public.resort_activities (id, calendar_group_key, name, normalized_name, category, section, location, schedule_text, description, is_fee_based, is_daily, source_pdf_url) values (md5('act:pop-century:fast-forward-arcade')::uuid, 'pop-century', 'Fast Forward Arcade', 'fast-forward-arcade', 'arcade'::public.activity_category, 'RESORT ACTIVITIES', 'Inside Classic Hall', 'Daily from 8:00am-11:00pm', 'Take a step back in time with all your favorite classic video games!', true, true, 'https://cdn1.parksmedia.wdprapps.disney.com/vision-dam/digital/parks-services/services-standard-assets/ops-comm/wdw-csd/resort-collateral/recreation/fy26-q2/POP_Aframe_Recreation-0326.pdf');
insert into public.activity_schedules (id, activity_id, is_daily, start_time, end_time, schedule_notes) values (md5('sched:act:pop-century:fast-forward-arcade')::uuid, md5('act:pop-century:fast-forward-arcade')::uuid, true, '8:00'::time, '11:00'::time, 'Daily from 8:00am-11:00pm');
insert into public.resort_activities (id, calendar_group_key, name, normalized_name, category, section, location, schedule_text, description, is_fee_based, is_daily, source_pdf_url) values (md5('act:pop-century:poolside-activities')::uuid, 'pop-century', 'Poolside Activities', 'poolside-activities', 'poolside'::public.activity_category, 'RESORT ACTIVITIES', 'Hippy Dippy Pool Deck', 'Daily from 1:00pm-2:30pm', 'Join us for family-friendly activities, both in and out of the pool. See a Recreation Cast Member for more information.', false, true, 'https://cdn1.parksmedia.wdprapps.disney.com/vision-dam/digital/parks-services/services-standard-assets/ops-comm/wdw-csd/resort-collateral/recreation/fy26-q2/POP_Aframe_Recreation-0326.pdf');
insert into public.activity_schedules (id, activity_id, is_daily, start_time, end_time, schedule_notes) values (md5('sched:act:pop-century:poolside-activities')::uuid, md5('act:pop-century:poolside-activities')::uuid, true, '1:00'::time, '2:30'::time, 'Daily from 1:00pm-2:30pm');
insert into public.resort_activities (id, calendar_group_key, name, normalized_name, category, section, location, schedule_text, description, is_fee_based, is_daily, source_pdf_url) values (md5('act:pop-century:mickey-tie-dye')::uuid, 'pop-century', 'Mickey Tie-Dye', 'mickey-tie-dye', 'arts_crafts'::public.activity_category, 'RESORT ACTIVITIES', '‘90s Sign near Classic Hall', 'Sunday, Tuesday, Thursday', 'and Saturday from 3:00pm-4:00pm Get creative with a Disney twist on this arts and crafts favorite!', true, false, 'https://cdn1.parksmedia.wdprapps.disney.com/vision-dam/digital/parks-services/services-standard-assets/ops-comm/wdw-csd/resort-collateral/recreation/fy26-q2/POP_Aframe_Recreation-0326.pdf');
insert into public.activity_schedules (id, activity_id, day_of_week, start_time, end_time, schedule_notes) values (md5('sched:act:pop-century:mickey-tie-dye:sunday')::uuid, md5('act:pop-century:mickey-tie-dye')::uuid, 'sunday'::public.day_of_week, null, null, 'Sunday, Tuesday, Thursday');
insert into public.activity_schedules (id, activity_id, day_of_week, start_time, end_time, schedule_notes) values (md5('sched:act:pop-century:mickey-tie-dye:tuesday')::uuid, md5('act:pop-century:mickey-tie-dye')::uuid, 'tuesday'::public.day_of_week, null, null, 'Sunday, Tuesday, Thursday');
insert into public.activity_schedules (id, activity_id, day_of_week, start_time, end_time, schedule_notes) values (md5('sched:act:pop-century:mickey-tie-dye:thursday')::uuid, md5('act:pop-century:mickey-tie-dye')::uuid, 'thursday'::public.day_of_week, null, null, 'Sunday, Tuesday, Thursday');
insert into public.resort_activities (id, calendar_group_key, name, normalized_name, category, section, location, schedule_text, description, is_fee_based, is_daily, source_pdf_url) values (md5('act:pop-century:on-vinyl-records')::uuid, 'pop-century', 'On Vinyl Records', 'on-vinyl-records', 'arts_crafts'::public.activity_category, 'RESORT ACTIVITIES', '‘90s Sign near Classic Hall', 'Monday and Friday from 3:00pm-4:00pm', 'Create your own groovy paint designs on a vinyl record— complete with the Disney’s Pop Century Resort logo!', true, false, 'https://cdn1.parksmedia.wdprapps.disney.com/vision-dam/digital/parks-services/services-standard-assets/ops-comm/wdw-csd/resort-collateral/recreation/fy26-q2/POP_Aframe_Recreation-0326.pdf');
insert into public.activity_schedules (id, activity_id, day_of_week, start_time, end_time, schedule_notes) values (md5('sched:act:pop-century:on-vinyl-records:monday')::uuid, md5('act:pop-century:on-vinyl-records')::uuid, 'monday'::public.day_of_week, '3:00'::time, '4:00'::time, 'Monday and Friday from 3:00pm-4:00pm');
insert into public.activity_schedules (id, activity_id, day_of_week, start_time, end_time, schedule_notes) values (md5('sched:act:pop-century:on-vinyl-records:friday')::uuid, md5('act:pop-century:on-vinyl-records')::uuid, 'friday'::public.day_of_week, '3:00'::time, '4:00'::time, 'Monday and Friday from 3:00pm-4:00pm');
insert into public.resort_activities (id, calendar_group_key, name, normalized_name, category, section, location, schedule_text, description, is_fee_based, is_daily, source_pdf_url) values (md5('act:pop-century:paint-your-own-bowling-pin')::uuid, 'pop-century', 'Paint Your Own Bowling Pin', 'paint-your-own-bowling-pin', 'arts_crafts'::public.activity_category, 'RESORT ACTIVITIES', '‘90s Sign near Classic Hall', 'Wednesday from 3:00pm-4:00pm', 'Strike up your own design as you paint a miniature bowling pin!', true, false, 'https://cdn1.parksmedia.wdprapps.disney.com/vision-dam/digital/parks-services/services-standard-assets/ops-comm/wdw-csd/resort-collateral/recreation/fy26-q2/POP_Aframe_Recreation-0326.pdf');
insert into public.activity_schedules (id, activity_id, day_of_week, start_time, end_time, schedule_notes) values (md5('sched:act:pop-century:paint-your-own-bowling-pin:wednesday')::uuid, md5('act:pop-century:paint-your-own-bowling-pin')::uuid, 'wednesday'::public.day_of_week, '3:00'::time, '4:00'::time, 'Wednesday from 3:00pm-4:00pm');
insert into public.resort_activities (id, calendar_group_key, name, normalized_name, category, section, location, schedule_text, description, is_fee_based, is_daily, source_pdf_url) values (md5('act:pop-century:groovy-campfire')::uuid, 'pop-century', 'Groovy Campfire', 'groovy-campfire', 'campfire'::public.activity_category, 'RESORT ACTIVITIES', 'Located near Surfer Goofy', 'Nightly from 6:30pm-7:30pm', 'Enjoy the warm glow of the campfire with complimentary marshmallows. S’mores kits available for purchase.', false, true, 'https://cdn1.parksmedia.wdprapps.disney.com/vision-dam/digital/parks-services/services-standard-assets/ops-comm/wdw-csd/resort-collateral/recreation/fy26-q2/POP_Aframe_Recreation-0326.pdf');
insert into public.activity_schedules (id, activity_id, is_daily, start_time, end_time, schedule_notes) values (md5('sched:act:pop-century:groovy-campfire')::uuid, md5('act:pop-century:groovy-campfire')::uuid, true, '6:30'::time, '7:30'::time, 'Nightly from 6:30pm-7:30pm');
insert into public.resort_activities (id, calendar_group_key, name, normalized_name, category, section, location, schedule_text, description, is_fee_based, is_daily, source_pdf_url) values (md5('act:pop-century:glow-party')::uuid, 'pop-century', 'Glow Party', 'glow-party', 'nighttime_entertainment'::public.activity_category, 'RESORT ACTIVITIES', 'Hippy Dippy Pool Deck', 'Sunday and Thursday at 8:00pm', 'Groove out with some righteous dance moves at our Glow themed party.', false, false, 'https://cdn1.parksmedia.wdprapps.disney.com/vision-dam/digital/parks-services/services-standard-assets/ops-comm/wdw-csd/resort-collateral/recreation/fy26-q2/POP_Aframe_Recreation-0326.pdf');
insert into public.activity_schedules (id, activity_id, day_of_week, start_time, end_time, schedule_notes) values (md5('sched:act:pop-century:glow-party:sunday')::uuid, md5('act:pop-century:glow-party')::uuid, 'sunday'::public.day_of_week, '8:00'::time, null, 'Sunday and Thursday at 8:00pm');
insert into public.activity_schedules (id, activity_id, day_of_week, start_time, end_time, schedule_notes) values (md5('sched:act:pop-century:glow-party:thursday')::uuid, md5('act:pop-century:glow-party')::uuid, 'thursday'::public.day_of_week, '8:00'::time, null, 'Sunday and Thursday at 8:00pm');
insert into public.resort_activities (id, calendar_group_key, name, normalized_name, category, section, location, schedule_text, description, is_fee_based, is_daily, source_pdf_url) values (md5('act:pop-century:nighttime-activities')::uuid, 'pop-century', 'Nighttime Activities', 'nighttime-activities', 'nighttime_entertainment'::public.activity_category, 'RESORT ACTIVITIES', 'Hippy Dippy Pool Deck', 'Monday, Tuesday, Wednesday, Friday', 'and Saturday at 8:00pm Enjoy family-friendly games before the Movie begins. ($) There is a fee associated with this activity. Hours of operation, lifeguard availability, and other offerings are subject to closures, weather conditions, and change or cancellation without notice. 0326', true, false, 'https://cdn1.parksmedia.wdprapps.disney.com/vision-dam/digital/parks-services/services-standard-assets/ops-comm/wdw-csd/resort-collateral/recreation/fy26-q2/POP_Aframe_Recreation-0326.pdf');
insert into public.activity_schedules (id, activity_id, day_of_week, start_time, end_time, schedule_notes) values (md5('sched:act:pop-century:nighttime-activities:monday')::uuid, md5('act:pop-century:nighttime-activities')::uuid, 'monday'::public.day_of_week, null, null, 'Monday, Tuesday, Wednesday, Friday');
insert into public.activity_schedules (id, activity_id, day_of_week, start_time, end_time, schedule_notes) values (md5('sched:act:pop-century:nighttime-activities:tuesday')::uuid, md5('act:pop-century:nighttime-activities')::uuid, 'tuesday'::public.day_of_week, null, null, 'Monday, Tuesday, Wednesday, Friday');
insert into public.activity_schedules (id, activity_id, day_of_week, start_time, end_time, schedule_notes) values (md5('sched:act:pop-century:nighttime-activities:wednesday')::uuid, md5('act:pop-century:nighttime-activities')::uuid, 'wednesday'::public.day_of_week, null, null, 'Monday, Tuesday, Wednesday, Friday');
insert into public.activity_schedules (id, activity_id, day_of_week, start_time, end_time, schedule_notes) values (md5('sched:act:pop-century:nighttime-activities:friday')::uuid, md5('act:pop-century:nighttime-activities')::uuid, 'friday'::public.day_of_week, null, null, 'Monday, Tuesday, Wednesday, Friday');
insert into public.resort_activities (id, calendar_group_key, name, normalized_name, category, section, location, schedule_text, description, is_fee_based, is_daily, source_pdf_url) values (md5('act:pop-century:campfire')::uuid, 'pop-century', 'Campfire', 'campfire', 'campfire'::public.activity_category, 'RESORT ACTIVITIES', 'Enjoy the warm glow of the campfire with complimentary', 'Nightly from 6:30pm-7:30pm', 'marshmallows. S’mores kits available for purchase. GLOW PARTY Hippy Dippy Pool Deck', false, true, 'https://cdn1.parksmedia.wdprapps.disney.com/vision-dam/digital/parks-services/services-standard-assets/ops-comm/wdw-csd/resort-collateral/recreation/fy26-q2/POP_Aframe_Recreation-0326.pdf');
insert into public.activity_schedules (id, activity_id, is_daily, start_time, end_time, schedule_notes) values (md5('sched:act:pop-century:campfire')::uuid, md5('act:pop-century:campfire')::uuid, true, '6:30'::time, '7:30'::time, 'Nightly from 6:30pm-7:30pm');
insert into public.resort_activities (id, calendar_group_key, name, normalized_name, category, section, location, schedule_text, description, is_fee_based, is_daily, source_pdf_url) values (md5('act:caribbean-beach:find-a-friend')::uuid, 'caribbean-beach', 'Find a Friend', 'find-a-friend', 'resort_activity'::public.activity_category, 'RESORT ACTIVITIES', 'Search the Resort for a hidden Sebastian photo prop.', 'Daily from 8:00am-10:00pm', 'Once located, snap a photo and then head to the Front Desk to receive a surprise!', false, true, 'https://cdn1.parksmedia.wdprapps.disney.com/vision-dam/digital/parks-services/services-standard-assets/ops-comm/wdw-csd/resort-collateral/recreation/fy26-q2/CBR_Aframe_Recreation-0326.pdf');
insert into public.activity_schedules (id, activity_id, is_daily, start_time, end_time, schedule_notes) values (md5('sched:act:caribbean-beach:find-a-friend')::uuid, md5('act:caribbean-beach:find-a-friend')::uuid, true, '8:00'::time, '10:00'::time, 'Daily from 8:00am-10:00pm');
insert into public.resort_activities (id, calendar_group_key, name, normalized_name, category, section, location, schedule_text, description, is_fee_based, is_daily, source_pdf_url) values (md5('act:caribbean-beach:nature-walk')::uuid, 'caribbean-beach', 'Nature Walk', 'nature-walk', 'resort_activity'::public.activity_category, 'RESORT ACTIVITIES', 'Enjoy a self-led nature walk around Barefoot Bay.', 'Daily around Barefoot Bay', 'Pick up a Nature Guide at the front desk to get started. MOVIE UNDER THE STARS 8:30PM SU] a6 [= \\ ee Zootopia or Zootopia 2 PG| MONaY ...ssssssssssssssecsesssssssessecsecsecsecseesssassessscsecsees Aladdin (1992) [6] TUCSAaY ou... cessecssssecececscesececececscecscscscscsescscscseceseseceseeeeececeeees Brave [PG WEANESAAY......ecsssscesessssecessssececsees Alice in Wonderland (1951) (6 THUrsay «0... esessssscecececesseeecececececsesesecececsesseeeesees Freakier Friday (PG A (-\ ee The Little Me', false, true, 'https://cdn1.parksmedia.wdprapps.disney.com/vision-dam/digital/parks-services/services-standard-assets/ops-comm/wdw-csd/resort-collateral/recreation/fy26-q2/CBR_Aframe_Recreation-0326.pdf');
insert into public.activity_schedules (id, activity_id, is_daily, start_time, end_time, schedule_notes) values (md5('sched:act:caribbean-beach:nature-walk')::uuid, md5('act:caribbean-beach:nature-walk')::uuid, true, null, null, 'Daily around Barefoot Bay');
insert into public.resort_activities (id, calendar_group_key, name, normalized_name, category, section, location, schedule_text, description, is_fee_based, is_daily, source_pdf_url) values (md5('act:caribbean-beach:painting-experience')::uuid, 'caribbean-beach', 'Painting Experience', 'painting-experience', 'arts_crafts'::public.activity_category, 'RESORT ACTIVITIES', 'Get in touch with your inner artist in this unique', 'Sunday, Tuesday and Thursday from 3:00pm-4:00pm', 'painting experience. Near the Pineapple Fountain at Old Port Royale', false, false, 'https://cdn1.parksmedia.wdprapps.disney.com/vision-dam/digital/parks-services/services-standard-assets/ops-comm/wdw-csd/resort-collateral/recreation/fy26-q2/CBR_Aframe_Recreation-0326.pdf');
insert into public.activity_schedules (id, activity_id, day_of_week, start_time, end_time, schedule_notes) values (md5('sched:act:caribbean-beach:painting-experience:sunday')::uuid, md5('act:caribbean-beach:painting-experience')::uuid, 'sunday'::public.day_of_week, '3:00'::time, '4:00'::time, 'Sunday, Tuesday and Thursday from 3:00pm-4:00pm');
insert into public.activity_schedules (id, activity_id, day_of_week, start_time, end_time, schedule_notes) values (md5('sched:act:caribbean-beach:painting-experience:tuesday')::uuid, md5('act:caribbean-beach:painting-experience')::uuid, 'tuesday'::public.day_of_week, '3:00'::time, '4:00'::time, 'Sunday, Tuesday and Thursday from 3:00pm-4:00pm');
insert into public.activity_schedules (id, activity_id, day_of_week, start_time, end_time, schedule_notes) values (md5('sched:act:caribbean-beach:painting-experience:thursday')::uuid, md5('act:caribbean-beach:painting-experience')::uuid, 'thursday'::public.day_of_week, '3:00'::time, '4:00'::time, 'Sunday, Tuesday and Thursday from 3:00pm-4:00pm');
insert into public.resort_activities (id, calendar_group_key, name, normalized_name, category, section, location, schedule_text, description, is_fee_based, is_daily, source_pdf_url) values (md5('act:caribbean-beach:mickey-tie-dye')::uuid, 'caribbean-beach', 'Mickey Tie-Dye', 'mickey-tie-dye', 'arts_crafts'::public.activity_category, 'RESORT ACTIVITIES', 'Get creative with a Disney twist on this arts and', 'Monday, Wednesday, Friday and Saturday', 'from 3:00pm-4:00pm crafts favorite. Martinique Beach', false, false, 'https://cdn1.parksmedia.wdprapps.disney.com/vision-dam/digital/parks-services/services-standard-assets/ops-comm/wdw-csd/resort-collateral/recreation/fy26-q2/CBR_Aframe_Recreation-0326.pdf');
insert into public.activity_schedules (id, activity_id, day_of_week, start_time, end_time, schedule_notes) values (md5('sched:act:caribbean-beach:mickey-tie-dye:monday')::uuid, md5('act:caribbean-beach:mickey-tie-dye')::uuid, 'monday'::public.day_of_week, null, null, 'Monday, Wednesday, Friday and Saturday');
insert into public.activity_schedules (id, activity_id, day_of_week, start_time, end_time, schedule_notes) values (md5('sched:act:caribbean-beach:mickey-tie-dye:wednesday')::uuid, md5('act:caribbean-beach:mickey-tie-dye')::uuid, 'wednesday'::public.day_of_week, null, null, 'Monday, Wednesday, Friday and Saturday');
insert into public.activity_schedules (id, activity_id, day_of_week, start_time, end_time, schedule_notes) values (md5('sched:act:caribbean-beach:mickey-tie-dye:friday')::uuid, md5('act:caribbean-beach:mickey-tie-dye')::uuid, 'friday'::public.day_of_week, null, null, 'Monday, Wednesday, Friday and Saturday');
insert into public.activity_schedules (id, activity_id, day_of_week, start_time, end_time, schedule_notes) values (md5('sched:act:caribbean-beach:mickey-tie-dye:saturday')::uuid, md5('act:caribbean-beach:mickey-tie-dye')::uuid, 'saturday'::public.day_of_week, null, null, 'Monday, Wednesday, Friday and Saturday');
insert into public.resort_activities (id, calendar_group_key, name, normalized_name, category, section, location, schedule_text, description, is_fee_based, is_daily, source_pdf_url) values (md5('act:caribbean-beach:campfire')::uuid, 'caribbean-beach', 'Campfire', 'campfire', 'campfire'::public.activity_category, 'RESORT ACTIVITIES', 'Enjoy the warm glow of the campfire with complimentary', 'Nightly from 6:30pm-7:30pm', 'marshmallows. S’mores kits available for purchase. Caribbean Cay Movie Lawn', false, true, 'https://cdn1.parksmedia.wdprapps.disney.com/vision-dam/digital/parks-services/services-standard-assets/ops-comm/wdw-csd/resort-collateral/recreation/fy26-q2/CBR_Aframe_Recreation-0326.pdf');
insert into public.activity_schedules (id, activity_id, is_daily, start_time, end_time, schedule_notes) values (md5('sched:act:caribbean-beach:campfire')::uuid, md5('act:caribbean-beach:campfire')::uuid, true, '6:30'::time, '7:30'::time, 'Nightly from 6:30pm-7:30pm');
insert into public.resort_activities (id, calendar_group_key, name, normalized_name, category, section, location, schedule_text, description, is_fee_based, is_daily, source_pdf_url) values (md5('act:caribbean-beach:island-party')::uuid, 'caribbean-beach', 'Island Party', 'island-party', 'other'::public.activity_category, 'RESORT ACTIVITIES', 'Dance the night away at this island party!', 'Wednesday, Thursday and Friday at 8:00pm', 'Fuentes del Morro Pool Deck', false, false, 'https://cdn1.parksmedia.wdprapps.disney.com/vision-dam/digital/parks-services/services-standard-assets/ops-comm/wdw-csd/resort-collateral/recreation/fy26-q2/CBR_Aframe_Recreation-0326.pdf');
insert into public.activity_schedules (id, activity_id, day_of_week, start_time, end_time, schedule_notes) values (md5('sched:act:caribbean-beach:island-party:wednesday')::uuid, md5('act:caribbean-beach:island-party')::uuid, 'wednesday'::public.day_of_week, '8:00'::time, null, 'Wednesday, Thursday and Friday at 8:00pm');
insert into public.activity_schedules (id, activity_id, day_of_week, start_time, end_time, schedule_notes) values (md5('sched:act:caribbean-beach:island-party:thursday')::uuid, md5('act:caribbean-beach:island-party')::uuid, 'thursday'::public.day_of_week, '8:00'::time, null, 'Wednesday, Thursday and Friday at 8:00pm');
insert into public.activity_schedules (id, activity_id, day_of_week, start_time, end_time, schedule_notes) values (md5('sched:act:caribbean-beach:island-party:friday')::uuid, md5('act:caribbean-beach:island-party')::uuid, 'friday'::public.day_of_week, '8:00'::time, null, 'Wednesday, Thursday and Friday at 8:00pm');
insert into public.resort_activities (id, calendar_group_key, name, normalized_name, category, section, location, schedule_text, description, is_fee_based, is_daily, source_pdf_url) values (md5('act:caribbean-beach:poolside-activities')::uuid, 'caribbean-beach', 'Poolside Activities', 'poolside-activities', 'poolside'::public.activity_category, 'RESORT ACTIVITIES', 'Light the night with our evening poolside activities.', 'Saturday from 8:00pm-10:00pm', '($) There is a fee associated with this activity. Hours of operation, lifeguard availability, and other offerings are subject to closures, weather conditions, and change or cancellation without notice. 0326', true, false, 'https://cdn1.parksmedia.wdprapps.disney.com/vision-dam/digital/parks-services/services-standard-assets/ops-comm/wdw-csd/resort-collateral/recreation/fy26-q2/CBR_Aframe_Recreation-0326.pdf');
insert into public.activity_schedules (id, activity_id, day_of_week, start_time, end_time, schedule_notes) values (md5('sched:act:caribbean-beach:poolside-activities:saturday')::uuid, md5('act:caribbean-beach:poolside-activities')::uuid, 'saturday'::public.day_of_week, '8:00'::time, '10:00'::time, 'Saturday from 8:00pm-10:00pm');
insert into public.resort_activities (id, calendar_group_key, name, normalized_name, category, section, location, schedule_text, description, is_fee_based, is_daily, source_pdf_url) values (md5('act:coronado-springs:resort')::uuid, 'coronado-springs', 'Resort', 'resort', 'other'::public.activity_category, 'RESORT ACTIVITIES', 'fe ACTIVITIES SCHEDULE TO VIEW', ': THIS INFORMATION DIGITALLY!', ': THIS INFORMATION DIGITALLY! ‘<Dienep FAMILY WELLNESS', false, false, 'https://cdn1.parksmedia.wdprapps.disney.com/vision-dam/digital/parks-services/services-standard-assets/ops-comm/wdw-csd/resort-collateral/recreation/fy26-q2/CSR_Aframe_Recreation-0326.pdf');
insert into public.resort_activities (id, calendar_group_key, name, normalized_name, category, section, location, schedule_text, description, is_fee_based, is_daily, source_pdf_url) values (md5('act:coronado-springs:find-a-friend')::uuid, 'coronado-springs', 'Find A Friend', 'find-a-friend', 'resort_activity'::public.activity_category, 'RESORT ACTIVITIES', 'Throughout Disney’s Coronado Springs Resort', 'Daily from 9:00am-9:00pm', 'Search the Resort for a hidden Bruno photo prop. Once located, snap a photo and then head to the Concierge Desk to receive a surprise!', false, true, 'https://cdn1.parksmedia.wdprapps.disney.com/vision-dam/digital/parks-services/services-standard-assets/ops-comm/wdw-csd/resort-collateral/recreation/fy26-q2/CSR_Aframe_Recreation-0326.pdf');
insert into public.activity_schedules (id, activity_id, is_daily, start_time, end_time, schedule_notes) values (md5('sched:act:coronado-springs:find-a-friend')::uuid, md5('act:coronado-springs:find-a-friend')::uuid, true, '9:00'::time, '9:00'::time, 'Daily from 9:00am-9:00pm');
insert into public.resort_activities (id, calendar_group_key, name, normalized_name, category, section, location, schedule_text, description, is_fee_based, is_daily, source_pdf_url) values (md5('act:coronado-springs:nature-walk')::uuid, 'coronado-springs', 'Nature Walk', 'nature-walk', 'resort_activity'::public.activity_category, 'RESORT ACTIVITIES', 'Self-led nature trail to view the wildlife and landscape', 'Daily throughout Disney’s Coronado Springs Resort', 'of the Resort. Pick up a Nature Guide at Panchito’s Gifts & Sundries, Concierge Desk or from a Recreation Cast Member to get started.', false, true, 'https://cdn1.parksmedia.wdprapps.disney.com/vision-dam/digital/parks-services/services-standard-assets/ops-comm/wdw-csd/resort-collateral/recreation/fy26-q2/CSR_Aframe_Recreation-0326.pdf');
insert into public.activity_schedules (id, activity_id, is_daily, start_time, end_time, schedule_notes) values (md5('sched:act:coronado-springs:nature-walk')::uuid, md5('act:coronado-springs:nature-walk')::uuid, true, null, null, 'Daily throughout Disney’s Coronado Springs Resort');
insert into public.resort_activities (id, calendar_group_key, name, normalized_name, category, section, location, schedule_text, description, is_fee_based, is_daily, source_pdf_url) values (md5('act:coronado-springs:fitness-centers')::uuid, 'coronado-springs', 'Fitness Centers', 'fitness-centers', 'fitness_wellness'::public.activity_category, 'RESORT ACTIVITIES', 'Gran Destino Tower and near Casitas 4', 'Open 24 hours a day, 7 days a week', 'Open 24 hours a day, 7 days a week Continue pushing towards your wellness goals in our full-service fitness center.', false, false, 'https://cdn1.parksmedia.wdprapps.disney.com/vision-dam/digital/parks-services/services-standard-assets/ops-comm/wdw-csd/resort-collateral/recreation/fy26-q2/CSR_Aframe_Recreation-0326.pdf');
insert into public.resort_activities (id, calendar_group_key, name, normalized_name, category, section, location, schedule_text, description, is_fee_based, is_daily, source_pdf_url) values (md5('act:coronado-springs:poolside-activities')::uuid, 'coronado-springs', 'Poolside Activities', 'poolside-activities', 'poolside'::public.activity_category, 'RESORT ACTIVITIES', 'Join us for family-friendly activities.', 'Daily at The Dig Site', 'See a Recreation Cast Member for more information.', false, true, 'https://cdn1.parksmedia.wdprapps.disney.com/vision-dam/digital/parks-services/services-standard-assets/ops-comm/wdw-csd/resort-collateral/recreation/fy26-q2/CSR_Aframe_Recreation-0326.pdf');
insert into public.activity_schedules (id, activity_id, is_daily, start_time, end_time, schedule_notes) values (md5('sched:act:coronado-springs:poolside-activities')::uuid, md5('act:coronado-springs:poolside-activities')::uuid, true, null, null, 'Daily at The Dig Site');
insert into public.resort_activities (id, calendar_group_key, name, normalized_name, category, section, location, schedule_text, description, is_fee_based, is_daily, source_pdf_url) values (md5('act:coronado-springs:arts-and-crafts')::uuid, 'coronado-springs', 'Arts And Crafts', 'arts-and-crafts', 'arts_crafts'::public.activity_category, 'RESORT ACTIVITIES', 'Sunday, Tuesday and Thursday.............escseseeees Mickey Tie-Dye', 'The Dig Site from 3:30pm-4:30pm', 'Monday and Saturday..........esesssecesecssssssssssesseseseeseseeeeees Sand Art WECNESCAY........ecesecececececesectcssssssessssssseeeseseeeseseeecees Seasonal Craft', true, false, 'https://cdn1.parksmedia.wdprapps.disney.com/vision-dam/digital/parks-services/services-standard-assets/ops-comm/wdw-csd/resort-collateral/recreation/fy26-q2/CSR_Aframe_Recreation-0326.pdf');
insert into public.resort_activities (id, calendar_group_key, name, normalized_name, category, section, location, schedule_text, description, is_fee_based, is_daily, source_pdf_url) values (md5('act:coronado-springs:disney-trivia')::uuid, 'coronado-springs', 'Disney Trivia', 'disney-trivia', 'nighttime_entertainment'::public.activity_category, 'RESORT ACTIVITIES', 'Laguna Bar', 'Friday from 5:00pm-5:45pm', 'Join us for a trivia challenge near El Centro! EXPLORER’S CAMPFIRE The Dig Site Nightly from 6:30pm-7:30pm Enjoy the warm glow of the campfire with complimentary marshmallows. S’mores kits available for purchase.', false, false, 'https://cdn1.parksmedia.wdprapps.disney.com/vision-dam/digital/parks-services/services-standard-assets/ops-comm/wdw-csd/resort-collateral/recreation/fy26-q2/CSR_Aframe_Recreation-0326.pdf');
insert into public.activity_schedules (id, activity_id, day_of_week, start_time, end_time, schedule_notes) values (md5('sched:act:coronado-springs:disney-trivia:friday')::uuid, md5('act:coronado-springs:disney-trivia')::uuid, 'friday'::public.day_of_week, '5:00'::time, '5:45'::time, 'Friday from 5:00pm-5:45pm');
insert into public.resort_activities (id, calendar_group_key, name, normalized_name, category, section, location, schedule_text, description, is_fee_based, is_daily, source_pdf_url) values (md5('act:coronado-springs:coronado-nights-pool-party')::uuid, 'coronado-springs', 'Coronado Nights Pool Party', 'coronado-nights-pool-party', 'poolside'::public.activity_category, 'RESORT ACTIVITIES', 'The Dig Site Pool', 'Monday, Wednesday, and Saturday from 8:30pm-9:30pm', 'Join us for nighttime activities for all ages.', false, false, 'https://cdn1.parksmedia.wdprapps.disney.com/vision-dam/digital/parks-services/services-standard-assets/ops-comm/wdw-csd/resort-collateral/recreation/fy26-q2/CSR_Aframe_Recreation-0326.pdf');
insert into public.activity_schedules (id, activity_id, day_of_week, start_time, end_time, schedule_notes) values (md5('sched:act:coronado-springs:coronado-nights-pool-party:monday')::uuid, md5('act:coronado-springs:coronado-nights-pool-party')::uuid, 'monday'::public.day_of_week, '8:30'::time, '9:30'::time, 'Monday, Wednesday, and Saturday from 8:30pm-9:30pm');
insert into public.activity_schedules (id, activity_id, day_of_week, start_time, end_time, schedule_notes) values (md5('sched:act:coronado-springs:coronado-nights-pool-party:wednesday')::uuid, md5('act:coronado-springs:coronado-nights-pool-party')::uuid, 'wednesday'::public.day_of_week, '8:30'::time, '9:30'::time, 'Monday, Wednesday, and Saturday from 8:30pm-9:30pm');
insert into public.activity_schedules (id, activity_id, day_of_week, start_time, end_time, schedule_notes) values (md5('sched:act:coronado-springs:coronado-nights-pool-party:saturday')::uuid, md5('act:coronado-springs:coronado-nights-pool-party')::uuid, 'saturday'::public.day_of_week, '8:30'::time, '9:30'::time, 'Monday, Wednesday, and Saturday from 8:30pm-9:30pm');
insert into public.resort_activities (id, calendar_group_key, name, normalized_name, category, section, location, schedule_text, description, is_fee_based, is_daily, source_pdf_url) values (md5('act:coronado-springs:resort-scavenger-hunt')::uuid, 'coronado-springs', 'Resort Scavenger Hunt', 'resort-scavenger-hunt', 'resort_activity'::public.activity_category, 'RESORT ACTIVITIES', 'Pick up a Clue Guide from the Concierge Desk, Panchito’s Gift', '& Sundries, or any Recreation Cast Member to participate.', '& Sundries, or any Recreation Cast Member to participate.', false, false, 'https://cdn1.parksmedia.wdprapps.disney.com/vision-dam/digital/parks-services/services-standard-assets/ops-comm/wdw-csd/resort-collateral/recreation/fy26-q2/CSR_Aframe_Recreation-0326.pdf');
insert into public.resort_activities (id, calendar_group_key, name, normalized_name, category, section, location, schedule_text, description, is_fee_based, is_daily, source_pdf_url) values (md5('act:coronado-springs:spanish-mosaic-art')::uuid, 'coronado-springs', 'Spanish Mosaic Art', 'spanish-mosaic-art', 'arts_crafts'::public.activity_category, 'SIGNATURE ACTIVITIES', 'Dahlia Lounge', 'Monday, Wednesday and Saturday from 1:00pm-3:00pm', 'Immerse yourself in a historic Spanish art tradition as you design your own mosaic showpiece with a touch of Disney flair. This experience is recommended for Guests ages 12 and up. Space is limited. To book, search Spanish Mosaic Art on the My Disney Experience app.', true, false, 'https://cdn1.parksmedia.wdprapps.disney.com/vision-dam/digital/parks-services/services-standard-assets/ops-comm/wdw-csd/resort-collateral/recreation/fy26-q2/CSR_Aframe_Recreation-0326.pdf');
insert into public.activity_schedules (id, activity_id, day_of_week, start_time, end_time, schedule_notes) values (md5('sched:act:coronado-springs:spanish-mosaic-art:monday')::uuid, md5('act:coronado-springs:spanish-mosaic-art')::uuid, 'monday'::public.day_of_week, '1:00'::time, '3:00'::time, 'Monday, Wednesday and Saturday from 1:00pm-3:00pm');
insert into public.activity_schedules (id, activity_id, day_of_week, start_time, end_time, schedule_notes) values (md5('sched:act:coronado-springs:spanish-mosaic-art:wednesday')::uuid, md5('act:coronado-springs:spanish-mosaic-art')::uuid, 'wednesday'::public.day_of_week, '1:00'::time, '3:00'::time, 'Monday, Wednesday and Saturday from 1:00pm-3:00pm');
insert into public.activity_schedules (id, activity_id, day_of_week, start_time, end_time, schedule_notes) values (md5('sched:act:coronado-springs:spanish-mosaic-art:saturday')::uuid, md5('act:coronado-springs:spanish-mosaic-art')::uuid, 'saturday'::public.day_of_week, '1:00'::time, '3:00'::time, 'Monday, Wednesday and Saturday from 1:00pm-3:00pm');
insert into public.resort_activities (id, calendar_group_key, name, normalized_name, category, section, location, schedule_text, description, is_fee_based, is_daily, source_pdf_url) values (md5('act:coronado-springs:painting-experience')::uuid, 'coronado-springs', 'Painting Experience', 'painting-experience', 'arts_crafts'::public.activity_category, 'SIGNATURE ACTIVITIES', 'Toledo - Tapas, Steak & Seafood', 'Friday from 1:00pm-3:00pm', 'Get in touch with your inner artist during this master-led painting class. This experience is recommended for Guests ages 12 and up. Space is limited. To book, search Colors of Coronado Painting Experience on the My Disney Experience app.', true, false, 'https://cdn1.parksmedia.wdprapps.disney.com/vision-dam/digital/parks-services/services-standard-assets/ops-comm/wdw-csd/resort-collateral/recreation/fy26-q2/CSR_Aframe_Recreation-0326.pdf');
insert into public.activity_schedules (id, activity_id, day_of_week, start_time, end_time, schedule_notes) values (md5('sched:act:coronado-springs:painting-experience:friday')::uuid, md5('act:coronado-springs:painting-experience')::uuid, 'friday'::public.day_of_week, '1:00'::time, '3:00'::time, 'Friday from 1:00pm-3:00pm');
insert into public.resort_activities (id, calendar_group_key, name, normalized_name, category, section, location, schedule_text, description, is_fee_based, is_daily, source_pdf_url) values (md5('act:coronado-springs:sangria-university')::uuid, 'coronado-springs', 'Sangria University', 'sangria-university', 'signature'::public.activity_category, 'SIGNATURE ACTIVITIES', 'Toledo - Tapas, Steak & Seafood', 'Saturday and Sunday at', '11:00am and 1:30pm Discuss the history of sangria and learn the recipes used to make the 4 in-house varieties served at Three Bridges Bar and Grill. Enjoy a tasting and you''ll even get to make your own glass! Advanced booking required through the My Disney Experience app by searching Sangria University.', true, false, 'https://cdn1.parksmedia.wdprapps.disney.com/vision-dam/digital/parks-services/services-standard-assets/ops-comm/wdw-csd/resort-collateral/recreation/fy26-q2/CSR_Aframe_Recreation-0326.pdf');
insert into public.activity_schedules (id, activity_id, day_of_week, start_time, end_time, schedule_notes) values (md5('sched:act:coronado-springs:sangria-university:saturday')::uuid, md5('act:coronado-springs:sangria-university')::uuid, 'saturday'::public.day_of_week, null, null, 'Saturday and Sunday at');
insert into public.activity_schedules (id, activity_id, day_of_week, start_time, end_time, schedule_notes) values (md5('sched:act:coronado-springs:sangria-university:sunday')::uuid, md5('act:coronado-springs:sangria-university')::uuid, 'sunday'::public.day_of_week, null, null, 'Saturday and Sunday at');
insert into public.resort_activities (id, calendar_group_key, name, normalized_name, category, section, location, schedule_text, description, is_fee_based, is_daily, source_pdf_url) values (md5('act:port-orleans-french-quarter:find-a-friend')::uuid, 'port-orleans-french-quarter', 'Find A Friend', 'find-a-friend', 'resort_activity'::public.activity_category, 'RESORT ACTIVITIES', 'Throughout Disney’s Port Orleans Resort -', 'Daily from 10:00am-11:00pm', 'French Quarter Search the Resort for a hidden Louis photo prop. Once located, snap a photo and then head to the Concierge Desk to receive a surprise!', false, true, 'https://cdn1.parksmedia.wdprapps.disney.com/vision-dam/digital/parks-services/services-standard-assets/ops-comm/wdw-csd/resort-collateral/recreation/fy26-q2/POFQ_Aframe_Recreation-0326.pdf');
insert into public.activity_schedules (id, activity_id, is_daily, start_time, end_time, schedule_notes) values (md5('sched:act:port-orleans-french-quarter:find-a-friend')::uuid, md5('act:port-orleans-french-quarter:find-a-friend')::uuid, true, '10:00'::time, '11:00'::time, 'Daily from 10:00am-11:00pm');
insert into public.resort_activities (id, calendar_group_key, name, normalized_name, category, section, location, schedule_text, description, is_fee_based, is_daily, source_pdf_url) values (md5('act:port-orleans-french-quarter:mosaic-class')::uuid, 'port-orleans-french-quarter', 'Mosaic Class', 'mosaic-class', 'arts_crafts'::public.activity_category, 'SIGNATURE ACTIVITIES', 'Scat Cat’s Club - Lounge', 'Wednesday at 1:00pm', 'Immerse yourself in a famous art tradition as you design your own mosaic showpiece with a touch of Disney flair. This experience is recommended for Guests ages 12 and up. Class may take up to 2 hours. Space is limited. To book, visit or call the Riverside Levee Marina at 407-934-5507.', true, false, 'https://cdn1.parksmedia.wdprapps.disney.com/vision-dam/digital/parks-services/services-standard-assets/ops-comm/wdw-csd/resort-collateral/recreation/fy26-q2/POFQ_Aframe_Recreation-0326.pdf');
insert into public.activity_schedules (id, activity_id, day_of_week, start_time, end_time, schedule_notes) values (md5('sched:act:port-orleans-french-quarter:mosaic-class:wednesday')::uuid, md5('act:port-orleans-french-quarter:mosaic-class')::uuid, 'wednesday'::public.day_of_week, '1:00'::time, null, 'Wednesday at 1:00pm');
insert into public.resort_activities (id, calendar_group_key, name, normalized_name, category, section, location, schedule_text, description, is_fee_based, is_daily, source_pdf_url) values (md5('act:port-orleans-french-quarter:games-arcade')::uuid, 'port-orleans-french-quarter', 'Games Arcade', 'games-arcade', 'arcade'::public.activity_category, 'RESORT ACTIVITIES', 'Play the latest and greatest family-friendly video games.', 'Daily from 8:00am-11:00pm', null, true, true, 'https://cdn1.parksmedia.wdprapps.disney.com/vision-dam/digital/parks-services/services-standard-assets/ops-comm/wdw-csd/resort-collateral/recreation/fy26-q2/POFQ_Aframe_Recreation-0326.pdf');
insert into public.activity_schedules (id, activity_id, is_daily, start_time, end_time, schedule_notes) values (md5('sched:act:port-orleans-french-quarter:games-arcade')::uuid, md5('act:port-orleans-french-quarter:games-arcade')::uuid, true, '8:00'::time, '11:00'::time, 'Daily from 8:00am-11:00pm');
insert into public.resort_activities (id, calendar_group_key, name, normalized_name, category, section, location, schedule_text, description, is_fee_based, is_daily, source_pdf_url) values (md5('act:port-orleans-french-quarter:poolside-activities')::uuid, 'port-orleans-french-quarter', 'Poolside Activities', 'poolside-activities', 'poolside'::public.activity_category, 'RESORT ACTIVITIES', 'Doubloon Lagoon Pool Deck', 'Sunday, Monday, Tuesday, Thursday, Friday and Saturday', 'from 12:30pm-2:00pm Soak in the sun with some family-friendly activities, both in and out of the water. See a Recreation Cast Member for more information.', false, false, 'https://cdn1.parksmedia.wdprapps.disney.com/vision-dam/digital/parks-services/services-standard-assets/ops-comm/wdw-csd/resort-collateral/recreation/fy26-q2/POFQ_Aframe_Recreation-0326.pdf');
insert into public.activity_schedules (id, activity_id, day_of_week, start_time, end_time, schedule_notes) values (md5('sched:act:port-orleans-french-quarter:poolside-activities:sunday')::uuid, md5('act:port-orleans-french-quarter:poolside-activities')::uuid, 'sunday'::public.day_of_week, null, null, 'Sunday, Monday, Tuesday, Thursday, Friday and Saturday');
insert into public.activity_schedules (id, activity_id, day_of_week, start_time, end_time, schedule_notes) values (md5('sched:act:port-orleans-french-quarter:poolside-activities:monday')::uuid, md5('act:port-orleans-french-quarter:poolside-activities')::uuid, 'monday'::public.day_of_week, null, null, 'Sunday, Monday, Tuesday, Thursday, Friday and Saturday');
insert into public.activity_schedules (id, activity_id, day_of_week, start_time, end_time, schedule_notes) values (md5('sched:act:port-orleans-french-quarter:poolside-activities:tuesday')::uuid, md5('act:port-orleans-french-quarter:poolside-activities')::uuid, 'tuesday'::public.day_of_week, null, null, 'Sunday, Monday, Tuesday, Thursday, Friday and Saturday');
insert into public.activity_schedules (id, activity_id, day_of_week, start_time, end_time, schedule_notes) values (md5('sched:act:port-orleans-french-quarter:poolside-activities:thursday')::uuid, md5('act:port-orleans-french-quarter:poolside-activities')::uuid, 'thursday'::public.day_of_week, null, null, 'Sunday, Monday, Tuesday, Thursday, Friday and Saturday');
insert into public.activity_schedules (id, activity_id, day_of_week, start_time, end_time, schedule_notes) values (md5('sched:act:port-orleans-french-quarter:poolside-activities:friday')::uuid, md5('act:port-orleans-french-quarter:poolside-activities')::uuid, 'friday'::public.day_of_week, null, null, 'Sunday, Monday, Tuesday, Thursday, Friday and Saturday');
insert into public.activity_schedules (id, activity_id, day_of_week, start_time, end_time, schedule_notes) values (md5('sched:act:port-orleans-french-quarter:poolside-activities:saturday')::uuid, md5('act:port-orleans-french-quarter:poolside-activities')::uuid, 'saturday'::public.day_of_week, null, null, 'Sunday, Monday, Tuesday, Thursday, Friday and Saturday');
insert into public.resort_activities (id, calendar_group_key, name, normalized_name, category, section, location, schedule_text, description, is_fee_based, is_daily, source_pdf_url) values (md5('act:port-orleans-french-quarter:arts-crafts')::uuid, 'port-orleans-french-quarter', 'Arts & Crafts', 'arts-crafts', 'arts_crafts'::public.activity_category, 'RESORT ACTIVITIES', 'Doubloon Lagoon Pool Deck', 'From 3:00pm-4:00pm', 'Sunday and Friday ............cssssesesecscecscecsseseseeeseeeeeees Seasonal Craft THUrsay ........ssssssscscscecscesecececececececscececeees Make Your Own Slime', true, false, 'https://cdn1.parksmedia.wdprapps.disney.com/vision-dam/digital/parks-services/services-standard-assets/ops-comm/wdw-csd/resort-collateral/recreation/fy26-q2/POFQ_Aframe_Recreation-0326.pdf');
insert into public.resort_activities (id, calendar_group_key, name, normalized_name, category, section, location, schedule_text, description, is_fee_based, is_daily, source_pdf_url) values (md5('act:port-orleans-french-quarter:mickey-tie-dye')::uuid, 'port-orleans-french-quarter', 'Mickey Tie-Dye', 'mickey-tie-dye', 'arts_crafts'::public.activity_category, 'RESORT ACTIVITIES', 'Doubloon Lagoon Pool Deck', 'Tuesday and Saturday from 3:00pm-4:00pm', 'Get creative with a Disney twist on this arts and crafts favorite!', true, false, 'https://cdn1.parksmedia.wdprapps.disney.com/vision-dam/digital/parks-services/services-standard-assets/ops-comm/wdw-csd/resort-collateral/recreation/fy26-q2/POFQ_Aframe_Recreation-0326.pdf');
insert into public.activity_schedules (id, activity_id, day_of_week, start_time, end_time, schedule_notes) values (md5('sched:act:port-orleans-french-quarter:mickey-tie-dye:tuesday')::uuid, md5('act:port-orleans-french-quarter:mickey-tie-dye')::uuid, 'tuesday'::public.day_of_week, '3:00'::time, '4:00'::time, 'Tuesday and Saturday from 3:00pm-4:00pm');
insert into public.activity_schedules (id, activity_id, day_of_week, start_time, end_time, schedule_notes) values (md5('sched:act:port-orleans-french-quarter:mickey-tie-dye:saturday')::uuid, md5('act:port-orleans-french-quarter:mickey-tie-dye')::uuid, 'saturday'::public.day_of_week, '3:00'::time, '4:00'::time, 'Tuesday and Saturday from 3:00pm-4:00pm');
insert into public.resort_activities (id, calendar_group_key, name, normalized_name, category, section, location, schedule_text, description, is_fee_based, is_daily, source_pdf_url) values (md5('act:port-orleans-french-quarter:cajun-campfire')::uuid, 'port-orleans-french-quarter', 'Cajun Campfire', 'cajun-campfire', 'campfire'::public.activity_category, 'RESORT ACTIVITIES', 'Campfire Pit Between Buildings 5 and 6', 'Nightly from 6:00pm-7:00pm', 'Enjoy the warm glow of the campfire with complimentary marshmallows. S’mores kits available for purchase.', false, true, 'https://cdn1.parksmedia.wdprapps.disney.com/vision-dam/digital/parks-services/services-standard-assets/ops-comm/wdw-csd/resort-collateral/recreation/fy26-q2/POFQ_Aframe_Recreation-0326.pdf');
insert into public.activity_schedules (id, activity_id, is_daily, start_time, end_time, schedule_notes) values (md5('sched:act:port-orleans-french-quarter:cajun-campfire')::uuid, md5('act:port-orleans-french-quarter:cajun-campfire')::uuid, true, '6:00'::time, '7:00'::time, 'Nightly from 6:00pm-7:00pm');
insert into public.resort_activities (id, calendar_group_key, name, normalized_name, category, section, location, schedule_text, description, is_fee_based, is_daily, source_pdf_url) values (md5('act:port-orleans-french-quarter:nighttime-trivia-challenge')::uuid, 'port-orleans-french-quarter', 'Nighttime Trivia Challenge', 'nighttime-trivia-challenge', 'nighttime_entertainment'::public.activity_category, 'RESORT ACTIVITIES', 'Doubloon Lagoon Pool Deck', 'Wednesday at 8:00pm', 'Put your knowledge to the test!', false, false, 'https://cdn1.parksmedia.wdprapps.disney.com/vision-dam/digital/parks-services/services-standard-assets/ops-comm/wdw-csd/resort-collateral/recreation/fy26-q2/POFQ_Aframe_Recreation-0326.pdf');
insert into public.activity_schedules (id, activity_id, day_of_week, start_time, end_time, schedule_notes) values (md5('sched:act:port-orleans-french-quarter:nighttime-trivia-challenge:wednesday')::uuid, md5('act:port-orleans-french-quarter:nighttime-trivia-challenge')::uuid, 'wednesday'::public.day_of_week, '8:00'::time, null, 'Wednesday at 8:00pm');
insert into public.resort_activities (id, calendar_group_key, name, normalized_name, category, section, location, schedule_text, description, is_fee_based, is_daily, source_pdf_url) values (md5('act:port-orleans-french-quarter:glow-with-the-flow')::uuid, 'port-orleans-french-quarter', 'Glow With The Flow', 'glow-with-the-flow', 'nighttime_entertainment'::public.activity_category, 'RESORT ACTIVITIES', 'Doubloon Lagoon Pool Deck', 'Friday at 8:00pm', 'Light the night with our evening poolside activities. ($) There is a fee associated with this activity. Hours of operation, lifeguard availability, and other offerings are subject to closures, weather conditions, and change or cancellation without notice. 0326', true, false, 'https://cdn1.parksmedia.wdprapps.disney.com/vision-dam/digital/parks-services/services-standard-assets/ops-comm/wdw-csd/resort-collateral/recreation/fy26-q2/POFQ_Aframe_Recreation-0326.pdf');
insert into public.activity_schedules (id, activity_id, day_of_week, start_time, end_time, schedule_notes) values (md5('sched:act:port-orleans-french-quarter:glow-with-the-flow:friday')::uuid, md5('act:port-orleans-french-quarter:glow-with-the-flow')::uuid, 'friday'::public.day_of_week, '8:00'::time, null, 'Friday at 8:00pm');
insert into public.resort_activities (id, calendar_group_key, name, normalized_name, category, section, location, schedule_text, description, is_fee_based, is_daily, source_pdf_url) values (md5('act:port-orleans-french-quarter:painting-experience')::uuid, 'port-orleans-french-quarter', 'Painting Experience', 'painting-experience', 'arts_crafts'::public.activity_category, 'RESORT ACTIVITIES', 'Get in touch with your inner artist in this unique', 'Monday at 1:00pm', '2-hour instructor-led painting class! This experience is recommended for ages 12 and up. Space is limited. To book, visit or call the Riverside Levee Marina at 407-934-5507. MOSAIC CLASS ($) Scat Cat’s Club - Lounge', true, false, 'https://cdn1.parksmedia.wdprapps.disney.com/vision-dam/digital/parks-services/services-standard-assets/ops-comm/wdw-csd/resort-collateral/recreation/fy26-q2/POFQ_Aframe_Recreation-0326.pdf');
insert into public.activity_schedules (id, activity_id, day_of_week, start_time, end_time, schedule_notes) values (md5('sched:act:port-orleans-french-quarter:painting-experience:monday')::uuid, md5('act:port-orleans-french-quarter:painting-experience')::uuid, 'monday'::public.day_of_week, '1:00'::time, null, 'Monday at 1:00pm');
insert into public.resort_activities (id, calendar_group_key, name, normalized_name, category, section, location, schedule_text, description, is_fee_based, is_daily, source_pdf_url) values (md5('act:port-orleans-french-quarter:arcade')::uuid, 'port-orleans-french-quarter', 'Arcade', 'arcade', 'arcade'::public.activity_category, 'RESORT ACTIVITIES', 'Immerse yourself in a famous art tradition as you design', 'Wednesday at 1:00pm', 'your own mosaic showpiece with a touch of Disney flair. This experience is recommended for Guests ages 12 and up. Class may take up to 2 hours. Space is limited. To book, visit or call the Riverside Levee Marina at 407-934-5507. MOVIE UNDER THE STARS LAWN BETWEEN BUILDINGS 5 AND 6 | 8:30PM SIU] 8 6 [= \\ eee Zootopia or Zootopia 2 |PG TUCSCAY ....essessssssssssessesscsecsecssssssassecsecsecsees Lilo & Stitch (2025) [Pe THUrsCay ......esesssesssecesssssceesececsseeees The Princess and the Frog |&', true, false, 'https://cdn1.parksmedia.wdprapps.disney.com/vision-dam/digital/parks-services/services-standard-assets/ops-comm/wdw-csd/resort-collateral/recreation/fy26-q2/POFQ_Aframe_Recreation-0326.pdf');
insert into public.activity_schedules (id, activity_id, day_of_week, start_time, end_time, schedule_notes) values (md5('sched:act:port-orleans-french-quarter:arcade:wednesday')::uuid, md5('act:port-orleans-french-quarter:arcade')::uuid, 'wednesday'::public.day_of_week, '1:00'::time, null, 'Wednesday at 1:00pm');
insert into public.resort_activities (id, calendar_group_key, name, normalized_name, category, section, location, schedule_text, description, is_fee_based, is_daily, source_pdf_url) values (md5('act:port-orleans-french-quarter:campfire')::uuid, 'port-orleans-french-quarter', 'Campfire', 'campfire', 'campfire'::public.activity_category, 'RESORT ACTIVITIES', 'Enjoy the warm glow of the campfire with complimentary', 'Nightly from 6:00pm-7:00pm', 'marshmallows. S’mores kits available for purchase. NIGHTTIME TRIVIA CHALLENGE Doubloon Lagoon Pool Deck', false, true, 'https://cdn1.parksmedia.wdprapps.disney.com/vision-dam/digital/parks-services/services-standard-assets/ops-comm/wdw-csd/resort-collateral/recreation/fy26-q2/POFQ_Aframe_Recreation-0326.pdf');
insert into public.activity_schedules (id, activity_id, is_daily, start_time, end_time, schedule_notes) values (md5('sched:act:port-orleans-french-quarter:campfire')::uuid, md5('act:port-orleans-french-quarter:campfire')::uuid, true, '6:00'::time, '7:00'::time, 'Nightly from 6:00pm-7:00pm');
insert into public.resort_activities (id, calendar_group_key, name, normalized_name, category, section, location, schedule_text, description, is_fee_based, is_daily, source_pdf_url) values (md5('act:port-orleans-riverside:pony-sriverside')::uuid, 'port-orleans-riverside', 'Pony Sriverside', 'pony-sriverside', 'resort_activity'::public.activity_category, 'RESORT ACTIVITIES', 'RESORT TIP!', 'As a Guest at Disney’s Port', 'As a Guest at Disney’s Port Orleans Resort — Riverside, you can participate in activities at both Riverside and French Quarter. Boat transportation is available between Riverside and French Quarter along the Sassagoula River. my eer i; ACTIVITIES SCHEDULE TO VIEW eset! $THIS INFORMATION DIGITALLY! ‘<Dienep FAMILY WELLNESS', false, false, 'https://cdn1.parksmedia.wdprapps.disney.com/vision-dam/digital/parks-services/services-standard-assets/ops-comm/wdw-csd/resort-collateral/recreation/fy26-q2/PORS_Aframe_Recreation-0326.pdf');
insert into public.resort_activities (id, calendar_group_key, name, normalized_name, category, section, location, schedule_text, description, is_fee_based, is_daily, source_pdf_url) values (md5('act:port-orleans-riverside:bicycle-rentals')::uuid, 'port-orleans-riverside', 'Bicycle Rentals', 'bicycle-rentals', 'rental'::public.activity_category, 'RESORT ACTIVITIES', 'Riverside Levee Marina', 'Daily from 9:00am-5:00pm Last rental departs at 4:30pm', 'Choose from individual bikes to two-or four-person surrey bikes for a fun family outing!', true, true, 'https://cdn1.parksmedia.wdprapps.disney.com/vision-dam/digital/parks-services/services-standard-assets/ops-comm/wdw-csd/resort-collateral/recreation/fy26-q2/PORS_Aframe_Recreation-0326.pdf');
insert into public.activity_schedules (id, activity_id, is_daily, start_time, end_time, schedule_notes) values (md5('sched:act:port-orleans-riverside:bicycle-rentals')::uuid, md5('act:port-orleans-riverside:bicycle-rentals')::uuid, true, '9:00'::time, '5:00'::time, 'Daily from 9:00am-5:00pm Last rental departs at 4:30pm');
insert into public.resort_activities (id, calendar_group_key, name, normalized_name, category, section, location, schedule_text, description, is_fee_based, is_daily, source_pdf_url) values (md5('act:port-orleans-riverside:find-a-friend')::uuid, 'port-orleans-riverside', 'Find A Friend', 'find-a-friend', 'resort_activity'::public.activity_category, 'RESORT ACTIVITIES', 'Throughout Disney’s Port Orleans Resort - Riverside', 'Daily from 10:00am-11:00pm', 'Search the Resort for a hidden Ray photo prop. Once located, snap a photo and then head to the Concierge Desk to receive a surprise!', false, true, 'https://cdn1.parksmedia.wdprapps.disney.com/vision-dam/digital/parks-services/services-standard-assets/ops-comm/wdw-csd/resort-collateral/recreation/fy26-q2/PORS_Aframe_Recreation-0326.pdf');
insert into public.activity_schedules (id, activity_id, is_daily, start_time, end_time, schedule_notes) values (md5('sched:act:port-orleans-riverside:find-a-friend')::uuid, md5('act:port-orleans-riverside:find-a-friend')::uuid, true, '10:00'::time, '11:00'::time, 'Daily from 10:00am-11:00pm');
insert into public.resort_activities (id, calendar_group_key, name, normalized_name, category, section, location, schedule_text, description, is_fee_based, is_daily, source_pdf_url) values (md5('act:port-orleans-riverside:mosaic-class')::uuid, 'port-orleans-riverside', 'Mosaic Class', 'mosaic-class', 'arts_crafts'::public.activity_category, 'SIGNATURE ACTIVITIES', 'Boatwright’s Dining Hall', 'Sunday and Thursday at 1:00pm', 'Immerse yourself in a famous art tradition as you design your own mosaic showpiece with a touch of Disney flair. This experience is recommended for Guests ages 12 and up. Class may take up to 2 hours. Space is limited. To book, visit or call the Riverside Levee Marina at 407-934-5507.', true, false, 'https://cdn1.parksmedia.wdprapps.disney.com/vision-dam/digital/parks-services/services-standard-assets/ops-comm/wdw-csd/resort-collateral/recreation/fy26-q2/PORS_Aframe_Recreation-0326.pdf');
insert into public.activity_schedules (id, activity_id, day_of_week, start_time, end_time, schedule_notes) values (md5('sched:act:port-orleans-riverside:mosaic-class:sunday')::uuid, md5('act:port-orleans-riverside:mosaic-class')::uuid, 'sunday'::public.day_of_week, '1:00'::time, null, 'Sunday and Thursday at 1:00pm');
insert into public.activity_schedules (id, activity_id, day_of_week, start_time, end_time, schedule_notes) values (md5('sched:act:port-orleans-riverside:mosaic-class:thursday')::uuid, md5('act:port-orleans-riverside:mosaic-class')::uuid, 'thursday'::public.day_of_week, '1:00'::time, null, 'Sunday and Thursday at 1:00pm');
insert into public.resort_activities (id, calendar_group_key, name, normalized_name, category, section, location, schedule_text, description, is_fee_based, is_daily, source_pdf_url) values (md5('act:port-orleans-riverside:movie-under-the-stars')::uuid, 'port-orleans-riverside', 'Movie Under the Stars', 'movie-under-the-stars', 'movies_under_stars'::public.activity_category, 'MOVIE UNDER THE STARS', 'NEAR BUILDING 90', '8:30PM', null, false, false, 'https://cdn1.parksmedia.wdprapps.disney.com/vision-dam/digital/parks-services/services-standard-assets/ops-comm/wdw-csd/resort-collateral/recreation/fy26-q2/PORS_Aframe_Recreation-0326.pdf');
insert into public.movie_nights (id, activity_id, day_of_week, movie_title, show_time, location) values (md5('movie:act:port-orleans-riverside:movie-under-the-stars:saturday')::uuid, md5('act:port-orleans-riverside:movie-under-the-stars')::uuid, 'saturday'::public.day_of_week, 'esessssssccececessssssesecessssssesesesessssssesesesscssseseeeseees Tangled', '8:30'::time, 'NEAR BUILDING 90');
insert into public.resort_activities (id, calendar_group_key, name, normalized_name, category, section, location, schedule_text, description, is_fee_based, is_daily, source_pdf_url) values (md5('act:port-orleans-riverside:arcade')::uuid, 'port-orleans-riverside', 'Arcade', 'arcade', 'arcade'::public.activity_category, 'RESORT ACTIVITIES', 'Play the latest and greatest family-friendly video games.', 'Daily from 8:00am-11:00pm', null, true, true, 'https://cdn1.parksmedia.wdprapps.disney.com/vision-dam/digital/parks-services/services-standard-assets/ops-comm/wdw-csd/resort-collateral/recreation/fy26-q2/PORS_Aframe_Recreation-0326.pdf');
insert into public.activity_schedules (id, activity_id, is_daily, start_time, end_time, schedule_notes) values (md5('sched:act:port-orleans-riverside:arcade')::uuid, md5('act:port-orleans-riverside:arcade')::uuid, true, '8:00'::time, '11:00'::time, 'Daily from 8:00am-11:00pm');
insert into public.resort_activities (id, calendar_group_key, name, normalized_name, category, section, location, schedule_text, description, is_fee_based, is_daily, source_pdf_url) values (md5('act:port-orleans-riverside:poolside-activities')::uuid, 'port-orleans-riverside', 'Poolside Activities', 'poolside-activities', 'poolside'::public.activity_category, 'RESORT ACTIVITIES', 'OP Man Island Pool Deck', 'Monday, Tuesday, Wednesday, Friday and Saturday', 'from 2:00pm-4:00pm Soak in the sun with some family-friendly activities, both in and out of the water. See a Recreation Cast Member for more information.', false, false, 'https://cdn1.parksmedia.wdprapps.disney.com/vision-dam/digital/parks-services/services-standard-assets/ops-comm/wdw-csd/resort-collateral/recreation/fy26-q2/PORS_Aframe_Recreation-0326.pdf');
insert into public.activity_schedules (id, activity_id, day_of_week, start_time, end_time, schedule_notes) values (md5('sched:act:port-orleans-riverside:poolside-activities:monday')::uuid, md5('act:port-orleans-riverside:poolside-activities')::uuid, 'monday'::public.day_of_week, null, null, 'Monday, Tuesday, Wednesday, Friday and Saturday');
insert into public.activity_schedules (id, activity_id, day_of_week, start_time, end_time, schedule_notes) values (md5('sched:act:port-orleans-riverside:poolside-activities:tuesday')::uuid, md5('act:port-orleans-riverside:poolside-activities')::uuid, 'tuesday'::public.day_of_week, null, null, 'Monday, Tuesday, Wednesday, Friday and Saturday');
insert into public.activity_schedules (id, activity_id, day_of_week, start_time, end_time, schedule_notes) values (md5('sched:act:port-orleans-riverside:poolside-activities:wednesday')::uuid, md5('act:port-orleans-riverside:poolside-activities')::uuid, 'wednesday'::public.day_of_week, null, null, 'Monday, Tuesday, Wednesday, Friday and Saturday');
insert into public.activity_schedules (id, activity_id, day_of_week, start_time, end_time, schedule_notes) values (md5('sched:act:port-orleans-riverside:poolside-activities:friday')::uuid, md5('act:port-orleans-riverside:poolside-activities')::uuid, 'friday'::public.day_of_week, null, null, 'Monday, Tuesday, Wednesday, Friday and Saturday');
insert into public.activity_schedules (id, activity_id, day_of_week, start_time, end_time, schedule_notes) values (md5('sched:act:port-orleans-riverside:poolside-activities:saturday')::uuid, md5('act:port-orleans-riverside:poolside-activities')::uuid, 'saturday'::public.day_of_week, null, null, 'Monday, Tuesday, Wednesday, Friday and Saturday');
insert into public.resort_activities (id, calendar_group_key, name, normalized_name, category, section, location, schedule_text, description, is_fee_based, is_daily, source_pdf_url) values (md5('act:port-orleans-riverside:mickey-tie-dye')::uuid, 'port-orleans-riverside', 'Mickey Tie-Dye', 'mickey-tie-dye', 'arts_crafts'::public.activity_category, 'RESORT ACTIVITIES', 'Muddy Rivers’ Porch', 'Monday and Friday from 12:30pm-1:30pm', 'Get creative with a Disney twist on this arts and crafts favorite!', true, false, 'https://cdn1.parksmedia.wdprapps.disney.com/vision-dam/digital/parks-services/services-standard-assets/ops-comm/wdw-csd/resort-collateral/recreation/fy26-q2/PORS_Aframe_Recreation-0326.pdf');
insert into public.activity_schedules (id, activity_id, day_of_week, start_time, end_time, schedule_notes) values (md5('sched:act:port-orleans-riverside:mickey-tie-dye:monday')::uuid, md5('act:port-orleans-riverside:mickey-tie-dye')::uuid, 'monday'::public.day_of_week, '12:30'::time, '1:30'::time, 'Monday and Friday from 12:30pm-1:30pm');
insert into public.activity_schedules (id, activity_id, day_of_week, start_time, end_time, schedule_notes) values (md5('sched:act:port-orleans-riverside:mickey-tie-dye:friday')::uuid, md5('act:port-orleans-riverside:mickey-tie-dye')::uuid, 'friday'::public.day_of_week, '12:30'::time, '1:30'::time, 'Monday and Friday from 12:30pm-1:30pm');
insert into public.resort_activities (id, calendar_group_key, name, normalized_name, category, section, location, schedule_text, description, is_fee_based, is_daily, source_pdf_url) values (md5('act:port-orleans-riverside:arts-crafts')::uuid, 'port-orleans-riverside', 'Arts & Crafts', 'arts-crafts', 'arts_crafts'::public.activity_category, 'RESORT ACTIVITIES', 'Ol’ Man Island Pool Deck', 'From 12:30pm-1:30pm', 'TUCSCaY ou... .esesscssssccececececececececececscscscecsesescecseecesenees Seasonal Craft Wednesday and Saturday ..............:00 Make Your Own Slime CAMPFIRE ON DE’ BAYOU Ol’ Man Island Nightly from 6:00pm-7:00pm Enjoy the warm glow of the campfire with complimentary marshmallows. S’mores kits available for purchase.', true, false, 'https://cdn1.parksmedia.wdprapps.disney.com/vision-dam/digital/parks-services/services-standard-assets/ops-comm/wdw-csd/resort-collateral/recreation/fy26-q2/PORS_Aframe_Recreation-0326.pdf');
insert into public.resort_activities (id, calendar_group_key, name, normalized_name, category, section, location, schedule_text, description, is_fee_based, is_daily, source_pdf_url) values (md5('act:port-orleans-riverside:nightime-trivia-challenge')::uuid, 'port-orleans-riverside', 'Nightime Trivia Challenge', 'nightime-trivia-challenge', 'nighttime_entertainment'::public.activity_category, 'RESORT ACTIVITIES', 'OP Man Island Pool Deck', 'Sunday at 8:00pm', 'Put your knowledge to the test!', false, false, 'https://cdn1.parksmedia.wdprapps.disney.com/vision-dam/digital/parks-services/services-standard-assets/ops-comm/wdw-csd/resort-collateral/recreation/fy26-q2/PORS_Aframe_Recreation-0326.pdf');
insert into public.activity_schedules (id, activity_id, day_of_week, start_time, end_time, schedule_notes) values (md5('sched:act:port-orleans-riverside:nightime-trivia-challenge:sunday')::uuid, md5('act:port-orleans-riverside:nightime-trivia-challenge')::uuid, 'sunday'::public.day_of_week, '8:00'::time, null, 'Sunday at 8:00pm');
insert into public.resort_activities (id, calendar_group_key, name, normalized_name, category, section, location, schedule_text, description, is_fee_based, is_daily, source_pdf_url) values (md5('act:port-orleans-riverside:glow-with-the-flow')::uuid, 'port-orleans-riverside', 'Glow With The Flow', 'glow-with-the-flow', 'nighttime_entertainment'::public.activity_category, 'RESORT ACTIVITIES', 'Ol’ Man Island Pool Deck', 'Tuesday and Thursday at 8:00pm', 'Light the night with our evening poolside activities. ($) There is a fee associated with this activity. Hours of operation, lifeguard availability, and other offerings are subject to closures, weather conditions, and change or cancellation without notice. 0326', true, false, 'https://cdn1.parksmedia.wdprapps.disney.com/vision-dam/digital/parks-services/services-standard-assets/ops-comm/wdw-csd/resort-collateral/recreation/fy26-q2/PORS_Aframe_Recreation-0326.pdf');
insert into public.activity_schedules (id, activity_id, day_of_week, start_time, end_time, schedule_notes) values (md5('sched:act:port-orleans-riverside:glow-with-the-flow:tuesday')::uuid, md5('act:port-orleans-riverside:glow-with-the-flow')::uuid, 'tuesday'::public.day_of_week, '8:00'::time, null, 'Tuesday and Thursday at 8:00pm');
insert into public.activity_schedules (id, activity_id, day_of_week, start_time, end_time, schedule_notes) values (md5('sched:act:port-orleans-riverside:glow-with-the-flow:thursday')::uuid, md5('act:port-orleans-riverside:glow-with-the-flow')::uuid, 'thursday'::public.day_of_week, '8:00'::time, null, 'Tuesday and Thursday at 8:00pm');
insert into public.resort_activities (id, calendar_group_key, name, normalized_name, category, section, location, schedule_text, description, is_fee_based, is_daily, source_pdf_url) values (md5('act:port-orleans-riverside:campfire')::uuid, 'port-orleans-riverside', 'Campfire', 'campfire', 'campfire'::public.activity_category, 'RESORT ACTIVITIES', 'Enjoy the warm glow of the campfire with complimentary', 'Nightly from 6:00pm-7:00pm', 'marshmallows. S’mores kits available for purchase. NIGHTIME TRIVIA CHALLENGE OP Man Island Pool Deck', false, true, 'https://cdn1.parksmedia.wdprapps.disney.com/vision-dam/digital/parks-services/services-standard-assets/ops-comm/wdw-csd/resort-collateral/recreation/fy26-q2/PORS_Aframe_Recreation-0326.pdf');
insert into public.activity_schedules (id, activity_id, is_daily, start_time, end_time, schedule_notes) values (md5('sched:act:port-orleans-riverside:campfire')::uuid, md5('act:port-orleans-riverside:campfire')::uuid, true, '6:00'::time, '7:00'::time, 'Nightly from 6:00pm-7:00pm');
insert into public.resort_activities (id, calendar_group_key, name, normalized_name, category, section, location, schedule_text, description, is_fee_based, is_daily, source_pdf_url) values (md5('act:animal-kingdom-jambo:find-a-friend')::uuid, 'animal-kingdom-jambo', 'Find A Friend', 'find-a-friend', 'resort_activity'::public.activity_category, 'RESORT ACTIVITIES', 'Search the Resort for a hidden Pumbaa photo prop.', 'Daily throughout Jambo House', 'Once located, snap a photo and then head to Simba’s Activity Center to receive a surprise!', false, true, 'https://cdn1.parksmedia.wdprapps.disney.com/vision-dam/digital/parks-services/services-standard-assets/ops-comm/wdw-csd/resort-collateral/recreation/fy26-q1/DAKL_Aframe_Recreation_0126_Jambo.pdf');
insert into public.activity_schedules (id, activity_id, is_daily, start_time, end_time, schedule_notes) values (md5('sched:act:animal-kingdom-jambo:find-a-friend')::uuid, md5('act:animal-kingdom-jambo:find-a-friend')::uuid, true, null, null, 'Daily throughout Jambo House');
insert into public.resort_activities (id, calendar_group_key, name, normalized_name, category, section, location, schedule_text, description, is_fee_based, is_daily, source_pdf_url) values (md5('act:animal-kingdom-jambo:disney-family-fitness-fun')::uuid, 'animal-kingdom-jambo', 'Disney Family Fitness Fun', 'disney-family-fitness-fun', 'fitness_wellness'::public.activity_category, 'RESORT ACTIVITIES', 'Uzima Springs Pool Deck', 'Tuesday at 10:30am', 'Get active in a wildly fun way with the whole family! Enjoy singing and dancing as you move and groove to music inspired by The Lion King.', false, false, 'https://cdn1.parksmedia.wdprapps.disney.com/vision-dam/digital/parks-services/services-standard-assets/ops-comm/wdw-csd/resort-collateral/recreation/fy26-q1/DAKL_Aframe_Recreation_0126_Jambo.pdf');
insert into public.activity_schedules (id, activity_id, day_of_week, start_time, end_time, schedule_notes) values (md5('sched:act:animal-kingdom-jambo:disney-family-fitness-fun:tuesday')::uuid, md5('act:animal-kingdom-jambo:disney-family-fitness-fun')::uuid, 'tuesday'::public.day_of_week, '10:30'::time, null, 'Tuesday at 10:30am');
insert into public.resort_activities (id, calendar_group_key, name, normalized_name, category, section, location, schedule_text, description, is_fee_based, is_daily, source_pdf_url) values (md5('act:animal-kingdom-jambo:zahanati-fitness-center')::uuid, 'animal-kingdom-jambo', 'Zahanati Fitness Center', 'zahanati-fitness-center', 'fitness_wellness'::public.activity_category, 'RESORT ACTIVITIES', 'Open 24 hours a day, 7 days a week', 'Continue pushing towards your wellness goals in', 'Continue pushing towards your wellness goals in our full-service fitness center.', false, false, 'https://cdn1.parksmedia.wdprapps.disney.com/vision-dam/digital/parks-services/services-standard-assets/ops-comm/wdw-csd/resort-collateral/recreation/fy26-q1/DAKL_Aframe_Recreation_0126_Jambo.pdf');
insert into public.resort_activities (id, calendar_group_key, name, normalized_name, category, section, location, schedule_text, description, is_fee_based, is_daily, source_pdf_url) values (md5('act:animal-kingdom-jambo:memories-activities')::uuid, 'animal-kingdom-jambo', 'Memories Activities', 'memories-activities', 'other'::public.activity_category, 'RESORT ACTIVITIES', 'Collect multiple beads throughout the', 'Resort by completing these daily activities', 'hosted by an African Cultural Representative. fs S cay, Arusha Savanna Overlook TO:00aAM—11:00AM 2... eee eeeeeeeeeseseseeeeeeceeeeeeeeeeeees Animal Tracking Flamingo Pond W200 aM=12:0 OPM 2.0... eeseeesececececeeeeseceeeeeeees Flamingo Behavior Uzima Savanna Overlook 5:00 PM—A: OO PM. ........cssscccecscececcecessceecesecsees Animal Enrichment Jambo House Lobby ADO pMm—S:OODPM........ceescscscececcesecssseeesesseseeseees African Wonders', false, true, 'https://cdn1.parksmedia.wdprapps.disney.com/vision-dam/digital/parks-services/services-standard-assets/ops-comm/wdw-csd/resort-collateral/recreation/fy26-q1/DAKL_Aframe_Recreation_0126_Jambo.pdf');
insert into public.activity_schedules (id, activity_id, is_daily, start_time, end_time, schedule_notes) values (md5('sched:act:animal-kingdom-jambo:memories-activities')::uuid, md5('act:animal-kingdom-jambo:memories-activities')::uuid, true, null, null, 'Resort by completing these daily activities');
insert into public.resort_activities (id, calendar_group_key, name, normalized_name, category, section, location, schedule_text, description, is_fee_based, is_daily, source_pdf_url) values (md5('act:animal-kingdom-jambo:wild-about-painting')::uuid, 'animal-kingdom-jambo', 'Wild About Painting', 'wild-about-painting', 'arts_crafts'::public.activity_category, 'SIGNATURE ACTIVITIES', 'Jiko—The Cooking Place', 'Wednesday at 1:00pm', 'Get in touch with your inner artist during this master-led painting class. This experience is recommended for Guests ages 12 and up. Space is limited. To reserve your spot, please call 407-WDW-PLAY.', true, false, 'https://cdn1.parksmedia.wdprapps.disney.com/vision-dam/digital/parks-services/services-standard-assets/ops-comm/wdw-csd/resort-collateral/recreation/fy26-q1/DAKL_Aframe_Recreation_0126_Jambo.pdf');
insert into public.activity_schedules (id, activity_id, day_of_week, start_time, end_time, schedule_notes) values (md5('sched:act:animal-kingdom-jambo:wild-about-painting:wednesday')::uuid, md5('act:animal-kingdom-jambo:wild-about-painting')::uuid, 'wednesday'::public.day_of_week, '1:00'::time, null, 'Wednesday at 1:00pm');
insert into public.resort_activities (id, calendar_group_key, name, normalized_name, category, section, location, schedule_text, description, is_fee_based, is_daily, source_pdf_url) values (md5('act:animal-kingdom-jambo:jambo-house-lobby-art-tour')::uuid, 'animal-kingdom-jambo', 'Jambo House Lobby Art Tour', 'jambo-house-lobby-art-tour', 'resort_activity'::public.activity_category, 'RESORT ACTIVITIES', 'Begins at Lobby Entrance', 'Monday, Tuesday, Wednesday,', 'Thursday and Friday at 11:00am Meet a guide at the Medallion and learn about the largest private collection of African art outside of Africa.', false, false, 'https://cdn1.parksmedia.wdprapps.disney.com/vision-dam/digital/parks-services/services-standard-assets/ops-comm/wdw-csd/resort-collateral/recreation/fy26-q1/DAKL_Aframe_Recreation_0126_Jambo.pdf');
insert into public.activity_schedules (id, activity_id, day_of_week, start_time, end_time, schedule_notes) values (md5('sched:act:animal-kingdom-jambo:jambo-house-lobby-art-tour:monday')::uuid, md5('act:animal-kingdom-jambo:jambo-house-lobby-art-tour')::uuid, 'monday'::public.day_of_week, null, null, 'Monday, Tuesday, Wednesday,');
insert into public.activity_schedules (id, activity_id, day_of_week, start_time, end_time, schedule_notes) values (md5('sched:act:animal-kingdom-jambo:jambo-house-lobby-art-tour:tuesday')::uuid, md5('act:animal-kingdom-jambo:jambo-house-lobby-art-tour')::uuid, 'tuesday'::public.day_of_week, null, null, 'Monday, Tuesday, Wednesday,');
insert into public.activity_schedules (id, activity_id, day_of_week, start_time, end_time, schedule_notes) values (md5('sched:act:animal-kingdom-jambo:jambo-house-lobby-art-tour:wednesday')::uuid, md5('act:animal-kingdom-jambo:jambo-house-lobby-art-tour')::uuid, 'wednesday'::public.day_of_week, null, null, 'Monday, Tuesday, Wednesday,');
insert into public.resort_activities (id, calendar_group_key, name, normalized_name, category, section, location, schedule_text, description, is_fee_based, is_daily, source_pdf_url) values (md5('act:animal-kingdom-jambo:medallion-rubbing')::uuid, 'animal-kingdom-jambo', 'Medallion Rubbing', 'medallion-rubbing', 'other'::public.activity_category, 'RESORT ACTIVITIES', 'Lobby Entrance', 'Daily at 1:30pm', 'Leave an “impression” and show off your artwork.', false, true, 'https://cdn1.parksmedia.wdprapps.disney.com/vision-dam/digital/parks-services/services-standard-assets/ops-comm/wdw-csd/resort-collateral/recreation/fy26-q1/DAKL_Aframe_Recreation_0126_Jambo.pdf');
insert into public.activity_schedules (id, activity_id, is_daily, start_time, end_time, schedule_notes) values (md5('sched:act:animal-kingdom-jambo:medallion-rubbing')::uuid, md5('act:animal-kingdom-jambo:medallion-rubbing')::uuid, true, '1:30'::time, null, 'Daily at 1:30pm');
insert into public.resort_activities (id, calendar_group_key, name, normalized_name, category, section, location, schedule_text, description, is_fee_based, is_daily, source_pdf_url) values (md5('act:animal-kingdom-jambo:poolside-activities')::uuid, 'animal-kingdom-jambo', 'Poolside Activities', 'poolside-activities', 'poolside'::public.activity_category, 'RESORT ACTIVITIES', 'Join us for family-friendly activities, both in and out of the pool.', 'Daily at Uzima Springs Pool', null, false, true, 'https://cdn1.parksmedia.wdprapps.disney.com/vision-dam/digital/parks-services/services-standard-assets/ops-comm/wdw-csd/resort-collateral/recreation/fy26-q1/DAKL_Aframe_Recreation_0126_Jambo.pdf');
insert into public.activity_schedules (id, activity_id, is_daily, start_time, end_time, schedule_notes) values (md5('sched:act:animal-kingdom-jambo:poolside-activities')::uuid, md5('act:animal-kingdom-jambo:poolside-activities')::uuid, true, null, null, 'Daily at Uzima Springs Pool');
insert into public.resort_activities (id, calendar_group_key, name, normalized_name, category, section, location, schedule_text, description, is_fee_based, is_daily, source_pdf_url) values (md5('act:animal-kingdom-jambo:arts-crafts')::uuid, 'animal-kingdom-jambo', 'Arts & Crafts', 'arts-crafts', 'arts_crafts'::public.activity_category, 'RESORT ACTIVITIES', 'Uzima Springs Pool Deck', '3:00pm-4:00pm', 'Sunday and Wednesday.......... Make Your Own African Bangles MoONCaY ......sesssscsscssccsscnsccsscnscnsecsscusccsecuccsscsuscnscsscenscsecsuccncesseenesees Sand Art FIiClAy......ecccscoescssccscccsccssccssccscccsccnsccnscesccesccnscenscssceescenseessees Seasonal Craft Tuesday, Thursday and Saturday.............esssecsseeee Mickey Tie-Dye', true, false, 'https://cdn1.parksmedia.wdprapps.disney.com/vision-dam/digital/parks-services/services-standard-assets/ops-comm/wdw-csd/resort-collateral/recreation/fy26-q1/DAKL_Aframe_Recreation_0126_Jambo.pdf');
insert into public.resort_activities (id, calendar_group_key, name, normalized_name, category, section, location, schedule_text, description, is_fee_based, is_daily, source_pdf_url) values (md5('act:animal-kingdom-jambo:campfire')::uuid, 'animal-kingdom-jambo', 'Campfire', 'campfire', 'campfire'::public.activity_category, 'RESORT ACTIVITIES', 'Arusha Savanna Overlook', 'Sunday, Monday, Tuesday, Wednesday,', 'Friday and Saturday from 6:00pm-7:00pm Enjoy the warm glow of the campfire with complimentary marshmallows. S’mores kits available for purchase.', false, false, 'https://cdn1.parksmedia.wdprapps.disney.com/vision-dam/digital/parks-services/services-standard-assets/ops-comm/wdw-csd/resort-collateral/recreation/fy26-q1/DAKL_Aframe_Recreation_0126_Jambo.pdf');
insert into public.activity_schedules (id, activity_id, day_of_week, start_time, end_time, schedule_notes) values (md5('sched:act:animal-kingdom-jambo:campfire:sunday')::uuid, md5('act:animal-kingdom-jambo:campfire')::uuid, 'sunday'::public.day_of_week, null, null, 'Sunday, Monday, Tuesday, Wednesday,');
insert into public.activity_schedules (id, activity_id, day_of_week, start_time, end_time, schedule_notes) values (md5('sched:act:animal-kingdom-jambo:campfire:monday')::uuid, md5('act:animal-kingdom-jambo:campfire')::uuid, 'monday'::public.day_of_week, null, null, 'Sunday, Monday, Tuesday, Wednesday,');
insert into public.activity_schedules (id, activity_id, day_of_week, start_time, end_time, schedule_notes) values (md5('sched:act:animal-kingdom-jambo:campfire:tuesday')::uuid, md5('act:animal-kingdom-jambo:campfire')::uuid, 'tuesday'::public.day_of_week, null, null, 'Sunday, Monday, Tuesday, Wednesday,');
insert into public.activity_schedules (id, activity_id, day_of_week, start_time, end_time, schedule_notes) values (md5('sched:act:animal-kingdom-jambo:campfire:wednesday')::uuid, md5('act:animal-kingdom-jambo:campfire')::uuid, 'wednesday'::public.day_of_week, null, null, 'Sunday, Monday, Tuesday, Wednesday,');
insert into public.resort_activities (id, calendar_group_key, name, normalized_name, category, section, location, schedule_text, description, is_fee_based, is_daily, source_pdf_url) values (md5('act:animal-kingdom-jambo:campfire-and-family-activities')::uuid, 'animal-kingdom-jambo', 'Campfire And Family Activities', 'campfire-and-family-activities', 'campfire'::public.activity_category, 'RESORT ACTIVITIES', 'Arusha Savanna Overlook', 'Thursday from 6:00pm-8:00pm', null, false, false, 'https://cdn1.parksmedia.wdprapps.disney.com/vision-dam/digital/parks-services/services-standard-assets/ops-comm/wdw-csd/resort-collateral/recreation/fy26-q1/DAKL_Aframe_Recreation_0126_Jambo.pdf');
insert into public.activity_schedules (id, activity_id, day_of_week, start_time, end_time, schedule_notes) values (md5('sched:act:animal-kingdom-jambo:campfire-and-family-activities:thursday')::uuid, md5('act:animal-kingdom-jambo:campfire-and-family-activities')::uuid, 'thursday'::public.day_of_week, '6:00'::time, '8:00'::time, 'Thursday from 6:00pm-8:00pm');
insert into public.resort_activities (id, calendar_group_key, name, normalized_name, category, section, location, schedule_text, description, is_fee_based, is_daily, source_pdf_url) values (md5('act:animal-kingdom-jambo:video-game-dance-party')::uuid, 'animal-kingdom-jambo', 'Video Game Dance Party', 'video-game-dance-party', 'arcade'::public.activity_category, 'RESORT ACTIVITIES', 'Hakuna Matata Playground', 'Tuesday and Saturday from 8:00pm-8:45pm', 'Come show off your dance moves!', false, false, 'https://cdn1.parksmedia.wdprapps.disney.com/vision-dam/digital/parks-services/services-standard-assets/ops-comm/wdw-csd/resort-collateral/recreation/fy26-q1/DAKL_Aframe_Recreation_0126_Jambo.pdf');
insert into public.activity_schedules (id, activity_id, day_of_week, start_time, end_time, schedule_notes) values (md5('sched:act:animal-kingdom-jambo:video-game-dance-party:tuesday')::uuid, md5('act:animal-kingdom-jambo:video-game-dance-party')::uuid, 'tuesday'::public.day_of_week, '8:00'::time, '8:45'::time, 'Tuesday and Saturday from 8:00pm-8:45pm');
insert into public.activity_schedules (id, activity_id, day_of_week, start_time, end_time, schedule_notes) values (md5('sched:act:animal-kingdom-jambo:video-game-dance-party:saturday')::uuid, md5('act:animal-kingdom-jambo:video-game-dance-party')::uuid, 'saturday'::public.day_of_week, '8:00'::time, '8:45'::time, 'Tuesday and Saturday from 8:00pm-8:45pm');
insert into public.resort_activities (id, calendar_group_key, name, normalized_name, category, section, location, schedule_text, description, is_fee_based, is_daily, source_pdf_url) values (md5('act:animal-kingdom-kidani:find-a-friend')::uuid, 'animal-kingdom-kidani', 'Find A Friend', 'find-a-friend', 'resort_activity'::public.activity_category, 'RESORT ACTIVITIES', 'Search the Resort for a hidden Timon photo prop.', 'Daily throughout Kidani Village', 'Once located, snap a photo and then head to Community Hall to receive a surprise!', false, true, 'https://cdn1.parksmedia.wdprapps.disney.com/vision-dam/digital/parks-services/services-standard-assets/ops-comm/wdw-csd/resort-collateral/recreation/fy26-q1/DAKL_Aframe_Recreation_0126_Kidani.pdf');
insert into public.activity_schedules (id, activity_id, is_daily, start_time, end_time, schedule_notes) values (md5('sched:act:animal-kingdom-kidani:find-a-friend')::uuid, md5('act:animal-kingdom-kidani:find-a-friend')::uuid, true, null, null, 'Daily throughout Kidani Village');
insert into public.resort_activities (id, calendar_group_key, name, normalized_name, category, section, location, schedule_text, description, is_fee_based, is_daily, source_pdf_url) values (md5('act:animal-kingdom-kidani:fitness-center')::uuid, 'animal-kingdom-kidani', 'Fitness Center', 'fitness-center', 'fitness_wellness'::public.activity_category, 'RESORT ACTIVITIES', 'Open 24 hours a day, 7 days a week', 'Continue pushing towards your wellness goals in', 'Continue pushing towards your wellness goals in our full-service fitness center.', false, false, 'https://cdn1.parksmedia.wdprapps.disney.com/vision-dam/digital/parks-services/services-standard-assets/ops-comm/wdw-csd/resort-collateral/recreation/fy26-q1/DAKL_Aframe_Recreation_0126_Kidani.pdf');
insert into public.resort_activities (id, calendar_group_key, name, normalized_name, category, section, location, schedule_text, description, is_fee_based, is_daily, source_pdf_url) values (md5('act:animal-kingdom-kidani:memories-activities')::uuid, 'animal-kingdom-kidani', 'Memories Activities', 'memories-activities', 'other'::public.activity_category, 'RESORT ACTIVITIES', 'Collect multiple beads throughout the', 'Resort by completing these daily activities', 'hosted by an African Cultural Representative. Palace Library 12:00 pM—l:O0PM..........sccecccssscsrceeeceseceees Music of the Savanna Pembe Savanna Overlook TOO PM—2:O0 PM .........csccesceescesscceeccstccsseceeceees Have You Heard? Kidani Village Lobby 2:00 PM—3:O0OPMM .........escceccsescescesecescescesecesssesneessesees Bio Blocks', false, true, 'https://cdn1.parksmedia.wdprapps.disney.com/vision-dam/digital/parks-services/services-standard-assets/ops-comm/wdw-csd/resort-collateral/recreation/fy26-q1/DAKL_Aframe_Recreation_0126_Kidani.pdf');
insert into public.activity_schedules (id, activity_id, is_daily, start_time, end_time, schedule_notes) values (md5('sched:act:animal-kingdom-kidani:memories-activities')::uuid, md5('act:animal-kingdom-kidani:memories-activities')::uuid, true, null, null, 'Resort by completing these daily activities');
insert into public.resort_activities (id, calendar_group_key, name, normalized_name, category, section, location, schedule_text, description, is_fee_based, is_daily, source_pdf_url) values (md5('act:animal-kingdom-kidani:african-mosaic-art')::uuid, 'animal-kingdom-kidani', 'African Mosaic Art', 'african-mosaic-art', 'arts_crafts'::public.activity_category, 'SIGNATURE ACTIVITIES', 'Palace Library', 'Tuesday at 1:30pm', 'Unleash your wild artistic side as you create your very own mosaic. This experience is recommended for Guests ages 12 and up. Space is limited. % To reserve your spot, please call', true, false, 'https://cdn1.parksmedia.wdprapps.disney.com/vision-dam/digital/parks-services/services-standard-assets/ops-comm/wdw-csd/resort-collateral/recreation/fy26-q1/DAKL_Aframe_Recreation_0126_Kidani.pdf');
insert into public.activity_schedules (id, activity_id, day_of_week, start_time, end_time, schedule_notes) values (md5('sched:act:animal-kingdom-kidani:african-mosaic-art:tuesday')::uuid, md5('act:animal-kingdom-kidani:african-mosaic-art')::uuid, 'tuesday'::public.day_of_week, '1:30'::time, null, 'Tuesday at 1:30pm');
insert into public.resort_activities (id, calendar_group_key, name, normalized_name, category, section, location, schedule_text, description, is_fee_based, is_daily, source_pdf_url) values (md5('act:animal-kingdom-kidani:407-wdw-play')::uuid, 'animal-kingdom-kidani', '407-Wdw-Play.', '407-wdw-play', 'signature'::public.activity_category, 'SIGNATURE ACTIVITIES', 'Tee!', null, null, false, false, 'https://cdn1.parksmedia.wdprapps.disney.com/vision-dam/digital/parks-services/services-standard-assets/ops-comm/wdw-csd/resort-collateral/recreation/fy26-q1/DAKL_Aframe_Recreation_0126_Kidani.pdf');
insert into public.resort_activities (id, calendar_group_key, name, normalized_name, category, section, location, schedule_text, description, is_fee_based, is_daily, source_pdf_url) values (md5('act:animal-kingdom-kidani:safari-so-good-arcade')::uuid, 'animal-kingdom-kidani', 'Safari So Good Arcade', 'safari-so-good-arcade', 'arcade'::public.activity_category, 'RESORT ACTIVITIES', 'Put your skills to the test at our daily arcade tournament', 'Daily from 8:00am-11:00pm', 'beginning at 4:00pm.', true, true, 'https://cdn1.parksmedia.wdprapps.disney.com/vision-dam/digital/parks-services/services-standard-assets/ops-comm/wdw-csd/resort-collateral/recreation/fy26-q1/DAKL_Aframe_Recreation_0126_Kidani.pdf');
insert into public.activity_schedules (id, activity_id, is_daily, start_time, end_time, schedule_notes) values (md5('sched:act:animal-kingdom-kidani:safari-so-good-arcade')::uuid, md5('act:animal-kingdom-kidani:safari-so-good-arcade')::uuid, true, '8:00'::time, '11:00'::time, 'Daily from 8:00am-11:00pm');
insert into public.resort_activities (id, calendar_group_key, name, normalized_name, category, section, location, schedule_text, description, is_fee_based, is_daily, source_pdf_url) values (md5('act:animal-kingdom-kidani:community-hall')::uuid, 'animal-kingdom-kidani', 'Community Hall', 'community-hall', 'resort_activity'::public.activity_category, 'RESORT ACTIVITIES', 'Play video games and billiards and enjoy arts and crafts.', 'Daily from 10:00am-10:00pm', 'Check out grilling tools and sporting gear, including pickleball equipment. Fees may apply.', false, true, 'https://cdn1.parksmedia.wdprapps.disney.com/vision-dam/digital/parks-services/services-standard-assets/ops-comm/wdw-csd/resort-collateral/recreation/fy26-q1/DAKL_Aframe_Recreation_0126_Kidani.pdf');
insert into public.activity_schedules (id, activity_id, is_daily, start_time, end_time, schedule_notes) values (md5('sched:act:animal-kingdom-kidani:community-hall')::uuid, md5('act:animal-kingdom-kidani:community-hall')::uuid, true, '10:00'::time, '10:00'::time, 'Daily from 10:00am-10:00pm');
insert into public.resort_activities (id, calendar_group_key, name, normalized_name, category, section, location, schedule_text, description, is_fee_based, is_daily, source_pdf_url) values (md5('act:animal-kingdom-kidani:poolside-activities')::uuid, 'animal-kingdom-kidani', 'Poolside Activities', 'poolside-activities', 'poolside'::public.activity_category, 'RESORT ACTIVITIES', 'Join us for family-friendly activities, both in and out of the pool.', 'Daily at Samawati Springs Pool', null, false, true, 'https://cdn1.parksmedia.wdprapps.disney.com/vision-dam/digital/parks-services/services-standard-assets/ops-comm/wdw-csd/resort-collateral/recreation/fy26-q1/DAKL_Aframe_Recreation_0126_Kidani.pdf');
insert into public.activity_schedules (id, activity_id, is_daily, start_time, end_time, schedule_notes) values (md5('sched:act:animal-kingdom-kidani:poolside-activities')::uuid, md5('act:animal-kingdom-kidani:poolside-activities')::uuid, true, null, null, 'Daily at Samawati Springs Pool');
insert into public.resort_activities (id, calendar_group_key, name, normalized_name, category, section, location, schedule_text, description, is_fee_based, is_daily, source_pdf_url) values (md5('act:animal-kingdom-kidani:arts-crafts')::uuid, 'animal-kingdom-kidani', 'Arts & Crafts', 'arts-crafts', 'arts_crafts'::public.activity_category, 'RESORT ACTIVITIES', 'Samawati Springs Pool Deck', '3:00pm-4:00pm', 'Sunday, Wednesday and Friday.............sssssscsseseees Mickey Tie-Dye Monday and Saturday.............. Make Your Own African Bangles THUrSCaY .......sescsscssccsscssccsccsccsccesecsccnccsscenccssccuccnccsnecnecnseess Seasonal Craft', true, false, 'https://cdn1.parksmedia.wdprapps.disney.com/vision-dam/digital/parks-services/services-standard-assets/ops-comm/wdw-csd/resort-collateral/recreation/fy26-q1/DAKL_Aframe_Recreation_0126_Kidani.pdf');
insert into public.resort_activities (id, calendar_group_key, name, normalized_name, category, section, location, schedule_text, description, is_fee_based, is_daily, source_pdf_url) values (md5('act:animal-kingdom-kidani:campfire')::uuid, 'animal-kingdom-kidani', 'Campfire', 'campfire', 'campfire'::public.activity_category, 'RESORT ACTIVITIES', 'Pembe Savanna Overlook', 'Nightly from 6:00pm-7:00pm', 'Enjoy the warm glow of the campfire with complimentary marshmallows. S’mores kits available for purchase.', false, true, 'https://cdn1.parksmedia.wdprapps.disney.com/vision-dam/digital/parks-services/services-standard-assets/ops-comm/wdw-csd/resort-collateral/recreation/fy26-q1/DAKL_Aframe_Recreation_0126_Kidani.pdf');
insert into public.activity_schedules (id, activity_id, is_daily, start_time, end_time, schedule_notes) values (md5('sched:act:animal-kingdom-kidani:campfire')::uuid, md5('act:animal-kingdom-kidani:campfire')::uuid, true, '6:00'::time, '7:00'::time, 'Nightly from 6:00pm-7:00pm');
insert into public.resort_activities (id, calendar_group_key, name, normalized_name, category, section, location, schedule_text, description, is_fee_based, is_daily, source_pdf_url) values (md5('act:animal-kingdom-kidani:indoor-activities')::uuid, 'animal-kingdom-kidani', 'Indoor Activities', 'indoor-activities', 'other'::public.activity_category, 'RESORT ACTIVITIES', 'Palace Library', 'Wednesday at 8:00pm', 'Join us for family-friendly seasonal activities. See a Recreational Cast Member for more information. Fees may apply.', false, false, 'https://cdn1.parksmedia.wdprapps.disney.com/vision-dam/digital/parks-services/services-standard-assets/ops-comm/wdw-csd/resort-collateral/recreation/fy26-q1/DAKL_Aframe_Recreation_0126_Kidani.pdf');
insert into public.activity_schedules (id, activity_id, day_of_week, start_time, end_time, schedule_notes) values (md5('sched:act:animal-kingdom-kidani:indoor-activities:wednesday')::uuid, md5('act:animal-kingdom-kidani:indoor-activities')::uuid, 'wednesday'::public.day_of_week, '8:00'::time, null, 'Wednesday at 8:00pm');
insert into public.resort_activities (id, calendar_group_key, name, normalized_name, category, section, location, schedule_text, description, is_fee_based, is_daily, source_pdf_url) values (md5('act:animal-kingdom-kidani:bingo-in-the-library')::uuid, 'animal-kingdom-kidani', 'Bingo In The Library', 'bingo-in-the-library', 'nighttime_entertainment'::public.activity_category, 'RESORT ACTIVITIES', 'Palace Library', 'Monday and Friday from 8:00pm-9:00pm', null, false, false, 'https://cdn1.parksmedia.wdprapps.disney.com/vision-dam/digital/parks-services/services-standard-assets/ops-comm/wdw-csd/resort-collateral/recreation/fy26-q1/DAKL_Aframe_Recreation_0126_Kidani.pdf');
insert into public.activity_schedules (id, activity_id, day_of_week, start_time, end_time, schedule_notes) values (md5('sched:act:animal-kingdom-kidani:bingo-in-the-library:monday')::uuid, md5('act:animal-kingdom-kidani:bingo-in-the-library')::uuid, 'monday'::public.day_of_week, '8:00'::time, '9:00'::time, 'Monday and Friday from 8:00pm-9:00pm');
insert into public.activity_schedules (id, activity_id, day_of_week, start_time, end_time, schedule_notes) values (md5('sched:act:animal-kingdom-kidani:bingo-in-the-library:friday')::uuid, md5('act:animal-kingdom-kidani:bingo-in-the-library')::uuid, 'friday'::public.day_of_week, '8:00'::time, '9:00'::time, 'Monday and Friday from 8:00pm-9:00pm');
insert into public.resort_activities (id, calendar_group_key, name, normalized_name, category, section, location, schedule_text, description, is_fee_based, is_daily, source_pdf_url) values (md5('act:beach-yacht-club:ship-shape-fitness-center')::uuid, 'beach-yacht-club', 'Ship Shape Fitness Center', 'ship-shape-fitness-center', 'fitness_wellness'::public.activity_category, 'RESORT ACTIVITIES', 'Open 24 hours a day, 7 days a week', 'Continue pushing towards your wellness goals in', 'Continue pushing towards your wellness goals in our full-service fitness center.', false, false, 'https://cdn1.parksmedia.wdprapps.disney.com/vision-dam/digital/parks-platform/parks-global-assets/disney-world/recreation/guide/YB_Aframe_Recreation-1125.pdf');
insert into public.resort_activities (id, calendar_group_key, name, normalized_name, category, section, location, schedule_text, description, is_fee_based, is_daily, source_pdf_url) values (md5('act:beach-yacht-club:lafferty-place-arcade')::uuid, 'beach-yacht-club', 'Lafferty Place Arcade', 'lafferty-place-arcade', 'arcade'::public.activity_category, 'RESORT ACTIVITIES', 'Play the latest and greatest family-friendly video games.', 'Daily from 8:00am-11:00pm', null, true, true, 'https://cdn1.parksmedia.wdprapps.disney.com/vision-dam/digital/parks-platform/parks-global-assets/disney-world/recreation/guide/YB_Aframe_Recreation-1125.pdf');
insert into public.activity_schedules (id, activity_id, is_daily, start_time, end_time, schedule_notes) values (md5('sched:act:beach-yacht-club:lafferty-place-arcade')::uuid, md5('act:beach-yacht-club:lafferty-place-arcade')::uuid, true, '8:00'::time, '11:00'::time, 'Daily from 8:00am-11:00pm');
insert into public.resort_activities (id, calendar_group_key, name, normalized_name, category, section, location, schedule_text, description, is_fee_based, is_daily, source_pdf_url) values (md5('act:beach-yacht-club:boat-rentals')::uuid, 'beach-yacht-club', 'Boat Rentals', 'boat-rentals', 'rental'::public.activity_category, 'RESORT ACTIVITIES', 'Bayside Marina', 'Daily from 11:00am-5:00pm', null, true, true, 'https://cdn1.parksmedia.wdprapps.disney.com/vision-dam/digital/parks-platform/parks-global-assets/disney-world/recreation/guide/YB_Aframe_Recreation-1125.pdf');
insert into public.activity_schedules (id, activity_id, is_daily, start_time, end_time, schedule_notes) values (md5('sched:act:beach-yacht-club:boat-rentals')::uuid, md5('act:beach-yacht-club:boat-rentals')::uuid, true, '11:00'::time, '5:00'::time, 'Daily from 11:00am-5:00pm');
insert into public.resort_activities (id, calendar_group_key, name, normalized_name, category, section, location, schedule_text, description, is_fee_based, is_daily, source_pdf_url) values (md5('act:beach-yacht-club:featured-craft')::uuid, 'beach-yacht-club', 'Featured Craft', 'featured-craft', 'arts_crafts'::public.activity_category, 'RESORT ACTIVITIES', 'Beach Club Solarium', 'Daily from 11:30am-12:30pm', 'Join us to create a seasonal craft to take home!', true, true, 'https://cdn1.parksmedia.wdprapps.disney.com/vision-dam/digital/parks-platform/parks-global-assets/disney-world/recreation/guide/YB_Aframe_Recreation-1125.pdf');
insert into public.activity_schedules (id, activity_id, is_daily, start_time, end_time, schedule_notes) values (md5('sched:act:beach-yacht-club:featured-craft')::uuid, md5('act:beach-yacht-club:featured-craft')::uuid, true, '11:30'::time, '12:30'::time, 'Daily from 11:30am-12:30pm');
insert into public.resort_activities (id, calendar_group_key, name, normalized_name, category, section, location, schedule_text, description, is_fee_based, is_daily, source_pdf_url) values (md5('act:beach-yacht-club:poolside-activities')::uuid, 'beach-yacht-club', 'Poolside Activities', 'poolside-activities', 'poolside'::public.activity_category, 'RESORT ACTIVITIES', 'Stormalong Bay Pool', 'Daily at 1:00pm', 'Join us for family-friendly activities, both in and out of the pool. See a Recreation Cast Member for more information.', false, true, 'https://cdn1.parksmedia.wdprapps.disney.com/vision-dam/digital/parks-platform/parks-global-assets/disney-world/recreation/guide/YB_Aframe_Recreation-1125.pdf');
insert into public.activity_schedules (id, activity_id, is_daily, start_time, end_time, schedule_notes) values (md5('sched:act:beach-yacht-club:poolside-activities')::uuid, md5('act:beach-yacht-club:poolside-activities')::uuid, true, '1:00'::time, null, 'Daily at 1:00pm');
insert into public.resort_activities (id, calendar_group_key, name, normalized_name, category, section, location, schedule_text, description, is_fee_based, is_daily, source_pdf_url) values (md5('act:beach-yacht-club:arts-crafts')::uuid, 'beach-yacht-club', 'Arts & Crafts', 'arts-crafts', 'arts_crafts'::public.activity_category, 'RESORT ACTIVITIES', 'Beach Club Beach', 'Sunday, Tuesday and Thursday from 3:00pm-4:00pm', 'Join us for arts and crafts that are fun for the whole family!', true, false, 'https://cdn1.parksmedia.wdprapps.disney.com/vision-dam/digital/parks-platform/parks-global-assets/disney-world/recreation/guide/YB_Aframe_Recreation-1125.pdf');
insert into public.activity_schedules (id, activity_id, day_of_week, start_time, end_time, schedule_notes) values (md5('sched:act:beach-yacht-club:arts-crafts:sunday')::uuid, md5('act:beach-yacht-club:arts-crafts')::uuid, 'sunday'::public.day_of_week, '3:00'::time, '4:00'::time, 'Sunday, Tuesday and Thursday from 3:00pm-4:00pm');
insert into public.activity_schedules (id, activity_id, day_of_week, start_time, end_time, schedule_notes) values (md5('sched:act:beach-yacht-club:arts-crafts:tuesday')::uuid, md5('act:beach-yacht-club:arts-crafts')::uuid, 'tuesday'::public.day_of_week, '3:00'::time, '4:00'::time, 'Sunday, Tuesday and Thursday from 3:00pm-4:00pm');
insert into public.activity_schedules (id, activity_id, day_of_week, start_time, end_time, schedule_notes) values (md5('sched:act:beach-yacht-club:arts-crafts:thursday')::uuid, md5('act:beach-yacht-club:arts-crafts')::uuid, 'thursday'::public.day_of_week, '3:00'::time, '4:00'::time, 'Sunday, Tuesday and Thursday from 3:00pm-4:00pm');
insert into public.resort_activities (id, calendar_group_key, name, normalized_name, category, section, location, schedule_text, description, is_fee_based, is_daily, source_pdf_url) values (md5('act:beach-yacht-club:mickey-tie-dye')::uuid, 'beach-yacht-club', 'Mickey Tie-Dye', 'mickey-tie-dye', 'arts_crafts'::public.activity_category, 'RESORT ACTIVITIES', 'Beach Club Beach', 'Monday, Wednesday, Friday and Saturday', 'from 3:00pm-4:00pm Get creative with a Disney twist on this arts and crafts favorite! /n the event of inclement weather, an alternative activity will be offered in the Solarium at Disney’s Beach Club Resort.', true, false, 'https://cdn1.parksmedia.wdprapps.disney.com/vision-dam/digital/parks-platform/parks-global-assets/disney-world/recreation/guide/YB_Aframe_Recreation-1125.pdf');
insert into public.activity_schedules (id, activity_id, day_of_week, start_time, end_time, schedule_notes) values (md5('sched:act:beach-yacht-club:mickey-tie-dye:monday')::uuid, md5('act:beach-yacht-club:mickey-tie-dye')::uuid, 'monday'::public.day_of_week, null, null, 'Monday, Wednesday, Friday and Saturday');
insert into public.activity_schedules (id, activity_id, day_of_week, start_time, end_time, schedule_notes) values (md5('sched:act:beach-yacht-club:mickey-tie-dye:wednesday')::uuid, md5('act:beach-yacht-club:mickey-tie-dye')::uuid, 'wednesday'::public.day_of_week, null, null, 'Monday, Wednesday, Friday and Saturday');
insert into public.activity_schedules (id, activity_id, day_of_week, start_time, end_time, schedule_notes) values (md5('sched:act:beach-yacht-club:mickey-tie-dye:friday')::uuid, md5('act:beach-yacht-club:mickey-tie-dye')::uuid, 'friday'::public.day_of_week, null, null, 'Monday, Wednesday, Friday and Saturday');
insert into public.activity_schedules (id, activity_id, day_of_week, start_time, end_time, schedule_notes) values (md5('sched:act:beach-yacht-club:mickey-tie-dye:saturday')::uuid, md5('act:beach-yacht-club:mickey-tie-dye')::uuid, 'saturday'::public.day_of_week, null, null, 'Monday, Wednesday, Friday and Saturday');
insert into public.resort_activities (id, calendar_group_key, name, normalized_name, category, section, location, schedule_text, description, is_fee_based, is_daily, source_pdf_url) values (md5('act:beach-yacht-club:campfire')::uuid, 'beach-yacht-club', 'Campfire', 'campfire', 'campfire'::public.activity_category, 'RESORT ACTIVITIES', 'Shipwreck Beach', 'Nightly from 5:30pm-7:00pm', 'Enjoy the warm glow of the campfire with complimentary marshmallows. S’mores kits available for purchase.', false, true, 'https://cdn1.parksmedia.wdprapps.disney.com/vision-dam/digital/parks-platform/parks-global-assets/disney-world/recreation/guide/YB_Aframe_Recreation-1125.pdf');
insert into public.activity_schedules (id, activity_id, is_daily, start_time, end_time, schedule_notes) values (md5('sched:act:beach-yacht-club:campfire')::uuid, md5('act:beach-yacht-club:campfire')::uuid, true, '5:30'::time, '7:00'::time, 'Nightly from 5:30pm-7:00pm');
insert into public.resort_activities (id, calendar_group_key, name, normalized_name, category, section, location, schedule_text, description, is_fee_based, is_daily, source_pdf_url) values (md5('act:beach-yacht-club:silent-disco')::uuid, 'beach-yacht-club', 'Silent Disco', 'silent-disco', 'nighttime_entertainment'::public.activity_category, 'RESORT ACTIVITIES', 'Shipwreck Beach', 'Monday and Friday from 7:30pm-8:30pm', 'Choose your favorite music, don your own headphones, and “silently” dance the night away with us!', false, false, 'https://cdn1.parksmedia.wdprapps.disney.com/vision-dam/digital/parks-platform/parks-global-assets/disney-world/recreation/guide/YB_Aframe_Recreation-1125.pdf');
insert into public.activity_schedules (id, activity_id, day_of_week, start_time, end_time, schedule_notes) values (md5('sched:act:beach-yacht-club:silent-disco:monday')::uuid, md5('act:beach-yacht-club:silent-disco')::uuid, 'monday'::public.day_of_week, '7:30'::time, '8:30'::time, 'Monday and Friday from 7:30pm-8:30pm');
insert into public.activity_schedules (id, activity_id, day_of_week, start_time, end_time, schedule_notes) values (md5('sched:act:beach-yacht-club:silent-disco:friday')::uuid, md5('act:beach-yacht-club:silent-disco')::uuid, 'friday'::public.day_of_week, '7:30'::time, '8:30'::time, 'Monday and Friday from 7:30pm-8:30pm');
insert into public.resort_activities (id, calendar_group_key, name, normalized_name, category, section, location, schedule_text, description, is_fee_based, is_daily, source_pdf_url) values (md5('act:beach-yacht-club:ultimate-trivia-challenge')::uuid, 'beach-yacht-club', 'Ultimate Trivia Challenge', 'ultimate-trivia-challenge', 'nighttime_entertainment'::public.activity_category, 'RESORT ACTIVITIES', 'Beach Club Villas Drawing Room', 'Wednesday at 7:30pm', 'Bring the family and put your Disney knowledge to the test with the ultimate trivia challenge. ($) There is a fee associated with this activity. Hours of operation, lifeguard availability, and other offerings are subject to closures, weather conditions, and change or cancellation without notice. 1125', true, false, 'https://cdn1.parksmedia.wdprapps.disney.com/vision-dam/digital/parks-platform/parks-global-assets/disney-world/recreation/guide/YB_Aframe_Recreation-1125.pdf');
insert into public.activity_schedules (id, activity_id, day_of_week, start_time, end_time, schedule_notes) values (md5('sched:act:beach-yacht-club:ultimate-trivia-challenge:wednesday')::uuid, md5('act:beach-yacht-club:ultimate-trivia-challenge')::uuid, 'wednesday'::public.day_of_week, '7:30'::time, null, 'Wednesday at 7:30pm');
insert into public.resort_activities (id, calendar_group_key, name, normalized_name, category, section, location, schedule_text, description, is_fee_based, is_daily, source_pdf_url) values (md5('act:beach-yacht-club:arcade')::uuid, 'beach-yacht-club', 'Arcade', 'arcade', 'arcade'::public.activity_category, 'RESORT ACTIVITIES', '“Disney''s', 'SHIPWRECK BEACH | 7:30PM', 'YACHT & BEACH CLup ° RESORTS * ACTIVITIES SCHEDULE 1T0 VIEW THIS INFORMATION DIGITALLY! ‘<Dienepy FAMILY WELLNESS SHIP SHAPE FITNESS CENTER Open 24 hours a day, 7 days a week Continue pushing towards your wellness goals in our full-service fitness center. MOVIE UNDER THE STARS SUNCAY ...sssessssssssssesssssssessesessecsesscscsesassucsesscsacsessssecseenseees Toy Story |G | TUCSCAY uos.essessessessessssscsecsecsessecseesssessncencess 10] Dalmatians (1961) (¢| THUrsSCay ...ssessesssesssssssessssss', true, false, 'https://cdn1.parksmedia.wdprapps.disney.com/vision-dam/digital/parks-platform/parks-global-assets/disney-world/recreation/guide/YB_Aframe_Recreation-1125.pdf');
insert into public.resort_activities (id, calendar_group_key, name, normalized_name, category, section, location, schedule_text, description, is_fee_based, is_daily, source_pdf_url) values (md5('act:boardwalk:boardwalk-croquet')::uuid, 'boardwalk', 'Boardwalk Croquet', 'boardwalk-croquet', 'other'::public.activity_category, 'RESORT ACTIVITIES', 'Croquet Lawn', 'Daily from Dawn to Dusk', 'Enjoy a friendly game of croquet on our lush lawn.', false, true, 'https://cdn1.parksmedia.wdprapps.disney.com/vision-dam/digital/parks-services/services-standard-assets/ops-comm/wdw-csd/resort-collateral/recreation/fy26-q2/BW_Aframe_Recreation-0326.pdf');
insert into public.activity_schedules (id, activity_id, is_daily, start_time, end_time, schedule_notes) values (md5('sched:act:boardwalk:boardwalk-croquet')::uuid, md5('act:boardwalk:boardwalk-croquet')::uuid, true, null, null, 'Daily from Dawn to Dusk');
insert into public.resort_activities (id, calendar_group_key, name, normalized_name, category, section, location, schedule_text, description, is_fee_based, is_daily, source_pdf_url) values (md5('act:boardwalk:disney-fit-yoga')::uuid, 'boardwalk', 'Disney Fit Yoga', 'disney-fit-yoga', 'fitness_wellness'::public.activity_category, 'RESORT ACTIVITIES', 'Village Green Lawn', 'Monday at 9:00am', 'Ground yourself with a gentle yoga session to start your day. Designed for all levels, this experience incorporates various poses set to some of your favorite Disney music!', false, false, 'https://cdn1.parksmedia.wdprapps.disney.com/vision-dam/digital/parks-services/services-standard-assets/ops-comm/wdw-csd/resort-collateral/recreation/fy26-q2/BW_Aframe_Recreation-0326.pdf');
insert into public.activity_schedules (id, activity_id, day_of_week, start_time, end_time, schedule_notes) values (md5('sched:act:boardwalk:disney-fit-yoga:monday')::uuid, md5('act:boardwalk:disney-fit-yoga')::uuid, 'monday'::public.day_of_week, '9:00'::time, null, 'Monday at 9:00am');
insert into public.resort_activities (id, calendar_group_key, name, normalized_name, category, section, location, schedule_text, description, is_fee_based, is_daily, source_pdf_url) values (md5('act:boardwalk:family-wellness-yoga')::uuid, 'boardwalk', 'Family Wellness Yoga', 'family-wellness-yoga', 'fitness_wellness'::public.activity_category, 'RESORT ACTIVITIES', 'Village Green Lawn', 'Wednesday at 9:00am', 'Get active and enjoy a story time yoga session inspired by our Disney friends.', false, false, 'https://cdn1.parksmedia.wdprapps.disney.com/vision-dam/digital/parks-services/services-standard-assets/ops-comm/wdw-csd/resort-collateral/recreation/fy26-q2/BW_Aframe_Recreation-0326.pdf');
insert into public.activity_schedules (id, activity_id, day_of_week, start_time, end_time, schedule_notes) values (md5('sched:act:boardwalk:family-wellness-yoga:wednesday')::uuid, md5('act:boardwalk:family-wellness-yoga')::uuid, 'wednesday'::public.day_of_week, '9:00'::time, null, 'Wednesday at 9:00am');
insert into public.resort_activities (id, calendar_group_key, name, normalized_name, category, section, location, schedule_text, description, is_fee_based, is_daily, source_pdf_url) values (md5('act:boardwalk:pickleball-clinic')::uuid, 'boardwalk', 'Pickleball Clinic', 'pickleball-clinic', 'fitness_wellness'::public.activity_category, 'RESORT ACTIVITIES', 'BoardWalk Tennis and Pickleball Court', 'Friday from 9:00am-10:00am', 'This complimentary introduction to pickleball will teach the basics of the game everyone is talking about. Learn skills and techniques, then compete in our Pickleball Challenge at the end of the clinic! Pre-register at Community Hall. Space is limited.', false, false, 'https://cdn1.parksmedia.wdprapps.disney.com/vision-dam/digital/parks-services/services-standard-assets/ops-comm/wdw-csd/resort-collateral/recreation/fy26-q2/BW_Aframe_Recreation-0326.pdf');
insert into public.activity_schedules (id, activity_id, day_of_week, start_time, end_time, schedule_notes) values (md5('sched:act:boardwalk:pickleball-clinic:friday')::uuid, md5('act:boardwalk:pickleball-clinic')::uuid, 'friday'::public.day_of_week, '9:00'::time, '10:00'::time, 'Friday from 9:00am-10:00am');
insert into public.resort_activities (id, calendar_group_key, name, normalized_name, category, section, location, schedule_text, description, is_fee_based, is_daily, source_pdf_url) values (md5('act:boardwalk:wellness-challenge')::uuid, 'boardwalk', 'Wellness Challenge', 'wellness-challenge', 'fitness_wellness'::public.activity_category, 'RESORT ACTIVITIES', 'Enjoy beautiful views of Crescent Lake as you explore', 'nearly | mile of pathways on this self-guided fitness', 'nearly | mile of pathways on this self-guided fitness challenge. After completing the course, head to Community Hall for a prize! Register at Community Hall or the Screen Door General Store to participate.', false, false, 'https://cdn1.parksmedia.wdprapps.disney.com/vision-dam/digital/parks-services/services-standard-assets/ops-comm/wdw-csd/resort-collateral/recreation/fy26-q2/BW_Aframe_Recreation-0326.pdf');
insert into public.resort_activities (id, calendar_group_key, name, normalized_name, category, section, location, schedule_text, description, is_fee_based, is_daily, source_pdf_url) values (md5('act:boardwalk:side-show-games-arcade')::uuid, 'boardwalk', 'Side Show Games Arcade', 'side-show-games-arcade', 'arcade'::public.activity_category, 'RESORT ACTIVITIES', 'Play the latest and greatest family-friendly video games.', 'Daily from 8:00am-11:00pm', null, true, true, 'https://cdn1.parksmedia.wdprapps.disney.com/vision-dam/digital/parks-services/services-standard-assets/ops-comm/wdw-csd/resort-collateral/recreation/fy26-q2/BW_Aframe_Recreation-0326.pdf');
insert into public.activity_schedules (id, activity_id, is_daily, start_time, end_time, schedule_notes) values (md5('sched:act:boardwalk:side-show-games-arcade')::uuid, md5('act:boardwalk:side-show-games-arcade')::uuid, true, '8:00'::time, '11:00'::time, 'Daily from 8:00am-11:00pm');
insert into public.resort_activities (id, calendar_group_key, name, normalized_name, category, section, location, schedule_text, description, is_fee_based, is_daily, source_pdf_url) values (md5('act:boardwalk:community-hall')::uuid, 'boardwalk', 'Community Hall', 'community-hall', 'resort_activity'::public.activity_category, 'RESORT ACTIVITIES', 'Play video games and billiards, check out sporting', 'Daily from 10:00am-10:00pm', 'equipment and grilling tools, and enjoy arts and crafts. Fees may apply. Please allow a minimum of 48 hours before checkout for ceramics and mosaics.', false, true, 'https://cdn1.parksmedia.wdprapps.disney.com/vision-dam/digital/parks-services/services-standard-assets/ops-comm/wdw-csd/resort-collateral/recreation/fy26-q2/BW_Aframe_Recreation-0326.pdf');
insert into public.activity_schedules (id, activity_id, is_daily, start_time, end_time, schedule_notes) values (md5('sched:act:boardwalk:community-hall')::uuid, md5('act:boardwalk:community-hall')::uuid, true, '10:00'::time, '10:00'::time, 'Daily from 10:00am-10:00pm');
insert into public.resort_activities (id, calendar_group_key, name, normalized_name, category, section, location, schedule_text, description, is_fee_based, is_daily, source_pdf_url) values (md5('act:boardwalk:poolside-activities')::uuid, 'boardwalk', 'Poolside Activities', 'poolside-activities', 'poolside'::public.activity_category, 'RESORT ACTIVITIES', 'Luna Park Pool Deck', 'Daily at 2:00pm', 'Join us for family-friendly activities, both in and out of the pool. See a Recreation Cast Member for more information.', false, true, 'https://cdn1.parksmedia.wdprapps.disney.com/vision-dam/digital/parks-services/services-standard-assets/ops-comm/wdw-csd/resort-collateral/recreation/fy26-q2/BW_Aframe_Recreation-0326.pdf');
insert into public.activity_schedules (id, activity_id, is_daily, start_time, end_time, schedule_notes) values (md5('sched:act:boardwalk:poolside-activities')::uuid, md5('act:boardwalk:poolside-activities')::uuid, true, '2:00'::time, null, 'Daily at 2:00pm');
insert into public.resort_activities (id, calendar_group_key, name, normalized_name, category, section, location, schedule_text, description, is_fee_based, is_daily, source_pdf_url) values (md5('act:boardwalk:mickey-tie-dye')::uuid, 'boardwalk', 'Mickey Tie-Dye', 'mickey-tie-dye', 'arts_crafts'::public.activity_category, 'RESORT ACTIVITIES', 'Luna Park Pool Deck', 'Sunday, Tuesday, Thursday and Saturday', 'from 4:00pm-5:00pm Get creative with a Disney twist on this arts and crafts favorite!', true, false, 'https://cdn1.parksmedia.wdprapps.disney.com/vision-dam/digital/parks-services/services-standard-assets/ops-comm/wdw-csd/resort-collateral/recreation/fy26-q2/BW_Aframe_Recreation-0326.pdf');
insert into public.activity_schedules (id, activity_id, day_of_week, start_time, end_time, schedule_notes) values (md5('sched:act:boardwalk:mickey-tie-dye:sunday')::uuid, md5('act:boardwalk:mickey-tie-dye')::uuid, 'sunday'::public.day_of_week, null, null, 'Sunday, Tuesday, Thursday and Saturday');
insert into public.activity_schedules (id, activity_id, day_of_week, start_time, end_time, schedule_notes) values (md5('sched:act:boardwalk:mickey-tie-dye:tuesday')::uuid, md5('act:boardwalk:mickey-tie-dye')::uuid, 'tuesday'::public.day_of_week, null, null, 'Sunday, Tuesday, Thursday and Saturday');
insert into public.activity_schedules (id, activity_id, day_of_week, start_time, end_time, schedule_notes) values (md5('sched:act:boardwalk:mickey-tie-dye:thursday')::uuid, md5('act:boardwalk:mickey-tie-dye')::uuid, 'thursday'::public.day_of_week, null, null, 'Sunday, Tuesday, Thursday and Saturday');
insert into public.activity_schedules (id, activity_id, day_of_week, start_time, end_time, schedule_notes) values (md5('sched:act:boardwalk:mickey-tie-dye:saturday')::uuid, md5('act:boardwalk:mickey-tie-dye')::uuid, 'saturday'::public.day_of_week, null, null, 'Sunday, Tuesday, Thursday and Saturday');
insert into public.resort_activities (id, calendar_group_key, name, normalized_name, category, section, location, schedule_text, description, is_fee_based, is_daily, source_pdf_url) values (md5('act:boardwalk:arts-crafts')::uuid, 'boardwalk', 'Arts & Crafts', 'arts-crafts', 'arts_crafts'::public.activity_category, 'RESORT ACTIVITIES', 'Village Green Lawn', 'Monday, Wednesday, and Friday from 4:00pm-5:00pm', 'Join us for family-friendly arts and crafts.', true, false, 'https://cdn1.parksmedia.wdprapps.disney.com/vision-dam/digital/parks-services/services-standard-assets/ops-comm/wdw-csd/resort-collateral/recreation/fy26-q2/BW_Aframe_Recreation-0326.pdf');
insert into public.activity_schedules (id, activity_id, day_of_week, start_time, end_time, schedule_notes) values (md5('sched:act:boardwalk:arts-crafts:monday')::uuid, md5('act:boardwalk:arts-crafts')::uuid, 'monday'::public.day_of_week, '4:00'::time, '5:00'::time, 'Monday, Wednesday, and Friday from 4:00pm-5:00pm');
insert into public.activity_schedules (id, activity_id, day_of_week, start_time, end_time, schedule_notes) values (md5('sched:act:boardwalk:arts-crafts:wednesday')::uuid, md5('act:boardwalk:arts-crafts')::uuid, 'wednesday'::public.day_of_week, '4:00'::time, '5:00'::time, 'Monday, Wednesday, and Friday from 4:00pm-5:00pm');
insert into public.activity_schedules (id, activity_id, day_of_week, start_time, end_time, schedule_notes) values (md5('sched:act:boardwalk:arts-crafts:friday')::uuid, md5('act:boardwalk:arts-crafts')::uuid, 'friday'::public.day_of_week, '4:00'::time, '5:00'::time, 'Monday, Wednesday, and Friday from 4:00pm-5:00pm');
insert into public.resort_activities (id, calendar_group_key, name, normalized_name, category, section, location, schedule_text, description, is_fee_based, is_daily, source_pdf_url) values (md5('act:boardwalk:campfire')::uuid, 'boardwalk', 'Campfire', 'campfire', 'campfire'::public.activity_category, 'RESORT ACTIVITIES', 'Village Green Lawn', 'Nightly from 6:00pm-7:00pm', 'Enjoy the warm glow of the campfire with complimentary marshmallows. S’mores kits available for purchase.', false, true, 'https://cdn1.parksmedia.wdprapps.disney.com/vision-dam/digital/parks-services/services-standard-assets/ops-comm/wdw-csd/resort-collateral/recreation/fy26-q2/BW_Aframe_Recreation-0326.pdf');
insert into public.activity_schedules (id, activity_id, is_daily, start_time, end_time, schedule_notes) values (md5('sched:act:boardwalk:campfire')::uuid, md5('act:boardwalk:campfire')::uuid, true, '6:00'::time, '7:00'::time, 'Nightly from 6:00pm-7:00pm');
insert into public.resort_activities (id, calendar_group_key, name, normalized_name, category, section, location, schedule_text, description, is_fee_based, is_daily, source_pdf_url) values (md5('act:boardwalk:nighttime-trivia')::uuid, 'boardwalk', 'Nighttime Trivia', 'nighttime-trivia', 'nighttime_entertainment'::public.activity_category, 'RESORT ACTIVITIES', 'Village Green Lawn', 'Nightly at 7:30', 'Join us for a trivia challenge.', false, true, 'https://cdn1.parksmedia.wdprapps.disney.com/vision-dam/digital/parks-services/services-standard-assets/ops-comm/wdw-csd/resort-collateral/recreation/fy26-q2/BW_Aframe_Recreation-0326.pdf');
insert into public.activity_schedules (id, activity_id, is_daily, start_time, end_time, schedule_notes) values (md5('sched:act:boardwalk:nighttime-trivia')::uuid, md5('act:boardwalk:nighttime-trivia')::uuid, true, '7:30'::time, null, 'Nightly at 7:30');
insert into public.resort_activities (id, calendar_group_key, name, normalized_name, category, section, location, schedule_text, description, is_fee_based, is_daily, source_pdf_url) values (md5('act:contemporary:olympiad-fitness-center')::uuid, 'contemporary', 'Olympiad Fitness Center', 'olympiad-fitness-center', 'fitness_wellness'::public.activity_category, 'RESORT ACTIVITIES', 'Contemporary Tower, 3''¢ Floor', 'Open 24 hours a day, 7 days a week', 'Open 24 hours a day, 7 days a week Continue pushing towards your wellness goals in our full-service fitness center.', false, false, 'https://cdn1.parksmedia.wdprapps.disney.com/vision-dam/digital/parks-services/services-standard-assets/ops-comm/wdw-csd/resort-collateral/recreation/fy26-q2/CTR_Aframe_Recreation-0326.pdf');
insert into public.resort_activities (id, calendar_group_key, name, normalized_name, category, section, location, schedule_text, description, is_fee_based, is_daily, source_pdf_url) values (md5('act:contemporary:sports-courts')::uuid, 'contemporary', 'Sports Courts', 'sports-courts', 'other'::public.activity_category, 'RESORT ACTIVITIES', 'Offerings include Basketball, Tennis and Pickleball.', null, null, false, false, 'https://cdn1.parksmedia.wdprapps.disney.com/vision-dam/digital/parks-services/services-standard-assets/ops-comm/wdw-csd/resort-collateral/recreation/fy26-q2/CTR_Aframe_Recreation-0326.pdf');
insert into public.resort_activities (id, calendar_group_key, name, normalized_name, category, section, location, schedule_text, description, is_fee_based, is_daily, source_pdf_url) values (md5('act:contemporary:pickleball-clinic')::uuid, 'contemporary', 'Pickleball Clinic', 'pickleball-clinic', 'fitness_wellness'::public.activity_category, 'RESORT ACTIVITIES', 'Bay Lake Tower Sports Court', 'Wednesday from 9:00am-10:00am', 'This complimentary introduction to pickleball will teach the basics of the game everyone is talking about. Learn skills and techniques, then compete in our Pickleball Challenge at the end of the clinic! Visit Community Hall or call 407-824-1347 to pre-register. Space is limited.', false, false, 'https://cdn1.parksmedia.wdprapps.disney.com/vision-dam/digital/parks-services/services-standard-assets/ops-comm/wdw-csd/resort-collateral/recreation/fy26-q2/CTR_Aframe_Recreation-0326.pdf');
insert into public.activity_schedules (id, activity_id, day_of_week, start_time, end_time, schedule_notes) values (md5('sched:act:contemporary:pickleball-clinic:wednesday')::uuid, md5('act:contemporary:pickleball-clinic')::uuid, 'wednesday'::public.day_of_week, '9:00'::time, '10:00'::time, 'Wednesday from 9:00am-10:00am');
insert into public.resort_activities (id, calendar_group_key, name, normalized_name, category, section, location, schedule_text, description, is_fee_based, is_daily, source_pdf_url) values (md5('act:contemporary:disney-fit-yoga')::uuid, 'contemporary', 'Disney Fit Yoga', 'disney-fit-yoga', 'fitness_wellness'::public.activity_category, 'RESORT ACTIVITIES', 'The Lawn between Contemporary Tower', 'Friday at 8:00am', 'and Bay Lake Tower Ground yourself with a gentle yoga session. Designed for all levels, this experience incorporates various poses set to your favorite Disney music!', false, false, 'https://cdn1.parksmedia.wdprapps.disney.com/vision-dam/digital/parks-services/services-standard-assets/ops-comm/wdw-csd/resort-collateral/recreation/fy26-q2/CTR_Aframe_Recreation-0326.pdf');
insert into public.activity_schedules (id, activity_id, day_of_week, start_time, end_time, schedule_notes) values (md5('sched:act:contemporary:disney-fit-yoga:friday')::uuid, md5('act:contemporary:disney-fit-yoga')::uuid, 'friday'::public.day_of_week, '8:00'::time, null, 'Friday at 8:00am');
insert into public.resort_activities (id, calendar_group_key, name, normalized_name, category, section, location, schedule_text, description, is_fee_based, is_daily, source_pdf_url) values (md5('act:contemporary:movie-under-the-stars')::uuid, 'contemporary', 'Movie Under the Stars', 'movie-under-the-stars', 'movies_under_stars'::public.activity_category, 'MOVIE UNDER THE STARS', 'CONTEMPORARY COURTYARD', '8:30PM', null, false, false, 'https://cdn1.parksmedia.wdprapps.disney.com/vision-dam/digital/parks-services/services-standard-assets/ops-comm/wdw-csd/resort-collateral/recreation/fy26-q2/CTR_Aframe_Recreation-0326.pdf');
insert into public.resort_activities (id, calendar_group_key, name, normalized_name, category, section, location, schedule_text, description, is_fee_based, is_daily, source_pdf_url) values (md5('act:contemporary:cabana-rentals')::uuid, 'contemporary', 'Cabana Rentals', 'cabana-rentals', 'rental'::public.activity_category, 'RESORT ACTIVITIES', 'Contemporary Feature Pool', 'Daily from 10:00am-7:00pm', 'To make a reservation, please call 407-WWDW-PLAY.', true, true, 'https://cdn1.parksmedia.wdprapps.disney.com/vision-dam/digital/parks-services/services-standard-assets/ops-comm/wdw-csd/resort-collateral/recreation/fy26-q2/CTR_Aframe_Recreation-0326.pdf');
insert into public.activity_schedules (id, activity_id, is_daily, start_time, end_time, schedule_notes) values (md5('sched:act:contemporary:cabana-rentals')::uuid, md5('act:contemporary:cabana-rentals')::uuid, true, '10:00'::time, '7:00'::time, 'Daily from 10:00am-7:00pm');
insert into public.resort_activities (id, calendar_group_key, name, normalized_name, category, section, location, schedule_text, description, is_fee_based, is_daily, source_pdf_url) values (md5('act:contemporary:motorized-boat-rentals')::uuid, 'contemporary', 'Motorized Boat Rentals', 'motorized-boat-rentals', 'rental'::public.activity_category, 'RESORT ACTIVITIES', 'The Boat Nook Marina', 'Daily from 11:00am-5:00pm', null, true, true, 'https://cdn1.parksmedia.wdprapps.disney.com/vision-dam/digital/parks-services/services-standard-assets/ops-comm/wdw-csd/resort-collateral/recreation/fy26-q2/CTR_Aframe_Recreation-0326.pdf');
insert into public.activity_schedules (id, activity_id, is_daily, start_time, end_time, schedule_notes) values (md5('sched:act:contemporary:motorized-boat-rentals')::uuid, md5('act:contemporary:motorized-boat-rentals')::uuid, true, '11:00'::time, '5:00'::time, 'Daily from 11:00am-5:00pm');
insert into public.resort_activities (id, calendar_group_key, name, normalized_name, category, section, location, schedule_text, description, is_fee_based, is_daily, source_pdf_url) values (md5('act:contemporary:poolside-activities')::uuid, 'contemporary', 'Poolside Activities', 'poolside-activities', 'poolside'::public.activity_category, 'RESORT ACTIVITIES', 'Join us for fun-filled games and dancing, both in and', 'Contemporary Feature Pool: Sunday, Tuesday,', 'Wednesday, Thursday and Saturday at 1:00pm Contemporary Feature Pool: Monday and Friday at 2:30pm out of the pool. See a Recreation Cast Member for more information.', false, false, 'https://cdn1.parksmedia.wdprapps.disney.com/vision-dam/digital/parks-services/services-standard-assets/ops-comm/wdw-csd/resort-collateral/recreation/fy26-q2/CTR_Aframe_Recreation-0326.pdf');
insert into public.activity_schedules (id, activity_id, day_of_week, start_time, end_time, schedule_notes) values (md5('sched:act:contemporary:poolside-activities:sunday')::uuid, md5('act:contemporary:poolside-activities')::uuid, 'sunday'::public.day_of_week, null, null, 'Contemporary Feature Pool: Sunday, Tuesday,');
insert into public.activity_schedules (id, activity_id, day_of_week, start_time, end_time, schedule_notes) values (md5('sched:act:contemporary:poolside-activities:tuesday')::uuid, md5('act:contemporary:poolside-activities')::uuid, 'tuesday'::public.day_of_week, null, null, 'Contemporary Feature Pool: Sunday, Tuesday,');
insert into public.resort_activities (id, calendar_group_key, name, normalized_name, category, section, location, schedule_text, description, is_fee_based, is_daily, source_pdf_url) values (md5('act:contemporary:mickey-tie-dye')::uuid, 'contemporary', 'Mickey Tie-Dye', 'mickey-tie-dye', 'arts_crafts'::public.activity_category, 'RESORT ACTIVITIES', 'Outside of Community Hall at Bay Lake Tower', 'Sunday, Tuesday, Thursday', 'and Saturday from 3:00pm-4:00pm Get creative with a Disney twist on this arts and crafts favorite!', true, false, 'https://cdn1.parksmedia.wdprapps.disney.com/vision-dam/digital/parks-services/services-standard-assets/ops-comm/wdw-csd/resort-collateral/recreation/fy26-q2/CTR_Aframe_Recreation-0326.pdf');
insert into public.activity_schedules (id, activity_id, day_of_week, start_time, end_time, schedule_notes) values (md5('sched:act:contemporary:mickey-tie-dye:sunday')::uuid, md5('act:contemporary:mickey-tie-dye')::uuid, 'sunday'::public.day_of_week, null, null, 'Sunday, Tuesday, Thursday');
insert into public.activity_schedules (id, activity_id, day_of_week, start_time, end_time, schedule_notes) values (md5('sched:act:contemporary:mickey-tie-dye:tuesday')::uuid, md5('act:contemporary:mickey-tie-dye')::uuid, 'tuesday'::public.day_of_week, null, null, 'Sunday, Tuesday, Thursday');
insert into public.activity_schedules (id, activity_id, day_of_week, start_time, end_time, schedule_notes) values (md5('sched:act:contemporary:mickey-tie-dye:thursday')::uuid, md5('act:contemporary:mickey-tie-dye')::uuid, 'thursday'::public.day_of_week, null, null, 'Sunday, Tuesday, Thursday');
insert into public.resort_activities (id, calendar_group_key, name, normalized_name, category, section, location, schedule_text, description, is_fee_based, is_daily, source_pdf_url) values (md5('act:contemporary:campfire')::uuid, 'contemporary', 'Campfire', 'campfire', 'campfire'::public.activity_category, 'RESORT ACTIVITIES', 'Courtyard Campfire Pit between Contemporary Tower', 'Nightly from 6:00pm-7:00pm', 'and Bay Lake Tower Enjoy the warm glow of the campfire with complimentary marshmallows. S’mores kits available for purchase.', false, true, 'https://cdn1.parksmedia.wdprapps.disney.com/vision-dam/digital/parks-services/services-standard-assets/ops-comm/wdw-csd/resort-collateral/recreation/fy26-q2/CTR_Aframe_Recreation-0326.pdf');
insert into public.activity_schedules (id, activity_id, is_daily, start_time, end_time, schedule_notes) values (md5('sched:act:contemporary:campfire')::uuid, md5('act:contemporary:campfire')::uuid, true, '6:00'::time, '7:00'::time, 'Nightly from 6:00pm-7:00pm');
insert into public.resort_activities (id, calendar_group_key, name, normalized_name, category, section, location, schedule_text, description, is_fee_based, is_daily, source_pdf_url) values (md5('act:contemporary:silent-disco')::uuid, 'contemporary', 'Silent Disco', 'silent-disco', 'nighttime_entertainment'::public.activity_category, 'RESORT ACTIVITIES', 'Contemporary Courtyard', 'Sunday, Monday, Wednesday and Friday', 'from 8:00pm-9:00pm Choose your favorite music, don your own headphones, and “silently” dance the night away with us!', false, false, 'https://cdn1.parksmedia.wdprapps.disney.com/vision-dam/digital/parks-services/services-standard-assets/ops-comm/wdw-csd/resort-collateral/recreation/fy26-q2/CTR_Aframe_Recreation-0326.pdf');
insert into public.activity_schedules (id, activity_id, day_of_week, start_time, end_time, schedule_notes) values (md5('sched:act:contemporary:silent-disco:sunday')::uuid, md5('act:contemporary:silent-disco')::uuid, 'sunday'::public.day_of_week, null, null, 'Sunday, Monday, Wednesday and Friday');
insert into public.activity_schedules (id, activity_id, day_of_week, start_time, end_time, schedule_notes) values (md5('sched:act:contemporary:silent-disco:monday')::uuid, md5('act:contemporary:silent-disco')::uuid, 'monday'::public.day_of_week, null, null, 'Sunday, Monday, Wednesday and Friday');
insert into public.activity_schedules (id, activity_id, day_of_week, start_time, end_time, schedule_notes) values (md5('sched:act:contemporary:silent-disco:wednesday')::uuid, md5('act:contemporary:silent-disco')::uuid, 'wednesday'::public.day_of_week, null, null, 'Sunday, Monday, Wednesday and Friday');
insert into public.activity_schedules (id, activity_id, day_of_week, start_time, end_time, schedule_notes) values (md5('sched:act:contemporary:silent-disco:friday')::uuid, md5('act:contemporary:silent-disco')::uuid, 'friday'::public.day_of_week, null, null, 'Sunday, Monday, Wednesday and Friday');
insert into public.resort_activities (id, calendar_group_key, name, normalized_name, category, section, location, schedule_text, description, is_fee_based, is_daily, source_pdf_url) values (md5('act:contemporary:the-magic-of-mosaics')::uuid, 'contemporary', 'The Magic Of Mosaics', 'the-magic-of-mosaics', 'arts_crafts'::public.activity_category, 'SIGNATURE ACTIVITIES', 'Lakeside Landing between the Boat Nook Marina', 'Monday and Friday from 1:00pm-3:00pm', 'and Contemporary Feature Pool Create your own one-of-a-kind mosaic inspired by the artwork of Mary Blair! Visit Community Hall or call 407-824-1347 to book this experience. Check-in begins at 12:45pm to participate. ($) There is a fee associated with this activity. Hours of operation, lifeguard availability, and other offerings are subject to closures, weather conditions, and change or cancellation without notice. 0326', true, false, 'https://cdn1.parksmedia.wdprapps.disney.com/vision-dam/digital/parks-services/services-standard-assets/ops-comm/wdw-csd/resort-collateral/recreation/fy26-q2/CTR_Aframe_Recreation-0326.pdf');
insert into public.activity_schedules (id, activity_id, day_of_week, start_time, end_time, schedule_notes) values (md5('sched:act:contemporary:the-magic-of-mosaics:monday')::uuid, md5('act:contemporary:the-magic-of-mosaics')::uuid, 'monday'::public.day_of_week, '1:00'::time, '3:00'::time, 'Monday and Friday from 1:00pm-3:00pm');
insert into public.activity_schedules (id, activity_id, day_of_week, start_time, end_time, schedule_notes) values (md5('sched:act:contemporary:the-magic-of-mosaics:friday')::uuid, md5('act:contemporary:the-magic-of-mosaics')::uuid, 'friday'::public.day_of_week, '1:00'::time, '3:00'::time, 'Monday and Friday from 1:00pm-3:00pm');
insert into public.resort_activities (id, calendar_group_key, name, normalized_name, category, section, location, schedule_text, description, is_fee_based, is_daily, source_pdf_url) values (md5('act:contemporary:community-hall')::uuid, 'contemporary', 'Community Hall', 'community-hall', 'resort_activity'::public.activity_category, 'SIGNATURE ACTIVITIES', 'Create your own one-of-a-kind mosaic inspired by', 'Monday and Friday from 1:00pm-3:00pm', 'the artwork of Mary Blair! Visit Community Hall or call 407-824-1347 to book this experience. Check-in begins at 12:45pm to participate. ($) There is a fee associated with this activity. Hours of operation, lifeguard availability, and other offerings are subject to closures, weather conditions, and change or cancellation without notice. 0326', true, false, 'https://cdn1.parksmedia.wdprapps.disney.com/vision-dam/digital/parks-services/services-standard-assets/ops-comm/wdw-csd/resort-collateral/recreation/fy26-q2/CTR_Aframe_Recreation-0326.pdf');
insert into public.activity_schedules (id, activity_id, day_of_week, start_time, end_time, schedule_notes) values (md5('sched:act:contemporary:community-hall:monday')::uuid, md5('act:contemporary:community-hall')::uuid, 'monday'::public.day_of_week, '1:00'::time, '3:00'::time, 'Monday and Friday from 1:00pm-3:00pm');
insert into public.activity_schedules (id, activity_id, day_of_week, start_time, end_time, schedule_notes) values (md5('sched:act:contemporary:community-hall:friday')::uuid, md5('act:contemporary:community-hall')::uuid, 'friday'::public.day_of_week, '1:00'::time, '3:00'::time, 'Monday and Friday from 1:00pm-3:00pm');
insert into public.resort_activities (id, calendar_group_key, name, normalized_name, category, section, location, schedule_text, description, is_fee_based, is_daily, source_pdf_url) values (md5('act:grand-floridian:resort-spa')::uuid, 'grand-floridian', 'Resort & Spa', 'resort-spa', 'other'::public.activity_category, 'RESORT ACTIVITIES', 'ACTIVITIES SCHEDULE TO VIEW', 'THIS INFORMATION DIGITALLY!', 'THIS INFORMATION DIGITALLY! ‘<Dienep FAMILY WELLNESS', false, false, 'https://cdn1.parksmedia.wdprapps.disney.com/vision-dam/digital/parks-platform/parks-global-assets/disney-world/recreation/guide/GF_Aframe_Recreation-1125.pdf');
insert into public.resort_activities (id, calendar_group_key, name, normalized_name, category, section, location, schedule_text, description, is_fee_based, is_daily, source_pdf_url) values (md5('act:grand-floridian:storytime-yoga-class')::uuid, 'grand-floridian', 'Storytime Yoga Class', 'storytime-yoga-class', 'fitness_wellness'::public.activity_category, 'RESORT ACTIVITIES', 'Courtyard Lawn', 'Monday at 10:30am', 'Guests of all ages can start their day with a relaxing but energizing yoga experience themed to various Disney stories.', false, false, 'https://cdn1.parksmedia.wdprapps.disney.com/vision-dam/digital/parks-platform/parks-global-assets/disney-world/recreation/guide/GF_Aframe_Recreation-1125.pdf');
insert into public.activity_schedules (id, activity_id, day_of_week, start_time, end_time, schedule_notes) values (md5('sched:act:grand-floridian:storytime-yoga-class:monday')::uuid, md5('act:grand-floridian:storytime-yoga-class')::uuid, 'monday'::public.day_of_week, '10:30'::time, null, 'Monday at 10:30am');
insert into public.resort_activities (id, calendar_group_key, name, normalized_name, category, section, location, schedule_text, description, is_fee_based, is_daily, source_pdf_url) values (md5('act:grand-floridian:health-club')::uuid, 'grand-floridian', 'Health Club', 'health-club', 'other'::public.activity_category, 'RESORT ACTIVITIES', 'The Grand Floridian Spa', 'Open 24 hours a day, 7 days a week', 'Open 24 hours a day, 7 days a week Continue pushing towards your wellness goals in our full-service fitness center.', false, false, 'https://cdn1.parksmedia.wdprapps.disney.com/vision-dam/digital/parks-platform/parks-global-assets/disney-world/recreation/guide/GF_Aframe_Recreation-1125.pdf');
insert into public.resort_activities (id, calendar_group_key, name, normalized_name, category, section, location, schedule_text, description, is_fee_based, is_daily, source_pdf_url) values (md5('act:grand-floridian:animation-cel')::uuid, 'grand-floridian', 'Animation Cel', 'animation-cel', 'signature'::public.activity_category, 'SIGNATURE ACTIVITIES', 'The Villas at Disney’s Grand Floridian Resort & Spa Lobby', 'Thursday from 2:30pm-4:30pm', 'Get in touch with your inner artist in this unique painting experience. No reservation required. Please arrive no later than 3:00pm to participate. 2) Sa — 5, se —= — F )) i', true, false, 'https://cdn1.parksmedia.wdprapps.disney.com/vision-dam/digital/parks-platform/parks-global-assets/disney-world/recreation/guide/GF_Aframe_Recreation-1125.pdf');
insert into public.activity_schedules (id, activity_id, day_of_week, start_time, end_time, schedule_notes) values (md5('sched:act:grand-floridian:animation-cel:thursday')::uuid, md5('act:grand-floridian:animation-cel')::uuid, 'thursday'::public.day_of_week, '2:30'::time, '4:30'::time, 'Thursday from 2:30pm-4:30pm');
insert into public.resort_activities (id, calendar_group_key, name, normalized_name, category, section, location, schedule_text, description, is_fee_based, is_daily, source_pdf_url) values (md5('act:grand-floridian:arcadia-games')::uuid, 'grand-floridian', 'Arcadia Games', 'arcadia-games', 'other'::public.activity_category, 'RESORT ACTIVITIES', 'Play the latest and greatest family-friendly video games.', 'Daily from 8:00am-11:00pm', null, true, true, 'https://cdn1.parksmedia.wdprapps.disney.com/vision-dam/digital/parks-platform/parks-global-assets/disney-world/recreation/guide/GF_Aframe_Recreation-1125.pdf');
insert into public.activity_schedules (id, activity_id, is_daily, start_time, end_time, schedule_notes) values (md5('sched:act:grand-floridian:arcadia-games')::uuid, md5('act:grand-floridian:arcadia-games')::uuid, true, '8:00'::time, '11:00'::time, 'Daily from 8:00am-11:00pm');
insert into public.resort_activities (id, calendar_group_key, name, normalized_name, category, section, location, schedule_text, description, is_fee_based, is_daily, source_pdf_url) values (md5('act:grand-floridian:cabana-rentals')::uuid, 'grand-floridian', 'Cabana Rentals', 'cabana-rentals', 'rental'::public.activity_category, 'RESORT ACTIVITIES', 'To book, call 407-WWDW-PLAY or see a Recreation', 'Daily from 10:00am-7:00pm', 'Cast Member. CAPTAIN’S SHIPYARD', true, true, 'https://cdn1.parksmedia.wdprapps.disney.com/vision-dam/digital/parks-platform/parks-global-assets/disney-world/recreation/guide/GF_Aframe_Recreation-1125.pdf');
insert into public.activity_schedules (id, activity_id, is_daily, start_time, end_time, schedule_notes) values (md5('sched:act:grand-floridian:cabana-rentals')::uuid, md5('act:grand-floridian:cabana-rentals')::uuid, true, '10:00'::time, '7:00'::time, 'Daily from 10:00am-7:00pm');
insert into public.resort_activities (id, calendar_group_key, name, normalized_name, category, section, location, schedule_text, description, is_fee_based, is_daily, source_pdf_url) values (md5('act:grand-floridian:boat-rentals')::uuid, 'grand-floridian', 'Boat Rentals', 'boat-rentals', 'rental'::public.activity_category, 'RESORT ACTIVITIES', null, 'Daily from 11:00am-5:00pm', null, true, true, 'https://cdn1.parksmedia.wdprapps.disney.com/vision-dam/digital/parks-platform/parks-global-assets/disney-world/recreation/guide/GF_Aframe_Recreation-1125.pdf');
insert into public.activity_schedules (id, activity_id, is_daily, start_time, end_time, schedule_notes) values (md5('sched:act:grand-floridian:boat-rentals')::uuid, md5('act:grand-floridian:boat-rentals')::uuid, true, '11:00'::time, '5:00'::time, 'Daily from 11:00am-5:00pm');
insert into public.resort_activities (id, calendar_group_key, name, normalized_name, category, section, location, schedule_text, description, is_fee_based, is_daily, source_pdf_url) values (md5('act:grand-floridian:cheshire-challenges')::uuid, 'grand-floridian', 'Cheshire Challenges', 'cheshire-challenges', 'other'::public.activity_category, 'RESORT ACTIVITIES', 'Beach Pool Deck', 'Daily at 12:00pm', 'Join us for a game by the Beach Pool.', false, true, 'https://cdn1.parksmedia.wdprapps.disney.com/vision-dam/digital/parks-platform/parks-global-assets/disney-world/recreation/guide/GF_Aframe_Recreation-1125.pdf');
insert into public.activity_schedules (id, activity_id, is_daily, start_time, end_time, schedule_notes) values (md5('sched:act:grand-floridian:cheshire-challenges')::uuid, md5('act:grand-floridian:cheshire-challenges')::uuid, true, '12:00'::time, null, 'Daily at 12:00pm');
insert into public.resort_activities (id, calendar_group_key, name, normalized_name, category, section, location, schedule_text, description, is_fee_based, is_daily, source_pdf_url) values (md5('act:grand-floridian:poolside-activities')::uuid, 'grand-floridian', 'Poolside Activities', 'poolside-activities', 'poolside'::public.activity_category, 'RESORT ACTIVITIES', 'Beach Pool Deck', 'Daily at 12:30pm', 'Join us for fun-filled games and dancing, both in and out of the pool! See a Recreation Cast Member for more information.', false, true, 'https://cdn1.parksmedia.wdprapps.disney.com/vision-dam/digital/parks-platform/parks-global-assets/disney-world/recreation/guide/GF_Aframe_Recreation-1125.pdf');
insert into public.activity_schedules (id, activity_id, is_daily, start_time, end_time, schedule_notes) values (md5('sched:act:grand-floridian:poolside-activities')::uuid, md5('act:grand-floridian:poolside-activities')::uuid, true, '12:30'::time, null, 'Daily at 12:30pm');
insert into public.resort_activities (id, calendar_group_key, name, normalized_name, category, section, location, schedule_text, description, is_fee_based, is_daily, source_pdf_url) values (md5('act:grand-floridian:arts-crafts')::uuid, 'grand-floridian', 'Arts & Crafts', 'arts-crafts', 'arts_crafts'::public.activity_category, 'RESORT ACTIVITIES', 'Beach Pool Deck', 'From 3:00pm-4:00pm', 'Sunday, Tuesday and Saturday ...... Design Your Own Tumblers Monday, Wednesday and Friday................00 Mickey Tie-Dye', true, false, 'https://cdn1.parksmedia.wdprapps.disney.com/vision-dam/digital/parks-platform/parks-global-assets/disney-world/recreation/guide/GF_Aframe_Recreation-1125.pdf');
insert into public.resort_activities (id, calendar_group_key, name, normalized_name, category, section, location, schedule_text, description, is_fee_based, is_daily, source_pdf_url) values (md5('act:grand-floridian:campfire')::uuid, 'grand-floridian', 'Campfire', 'campfire', 'campfire'::public.activity_category, 'RESORT ACTIVITIES', 'Near Beach Pool', 'Nightly from 5:30pm-6:30pm', 'Enjoy the warm glow of the campfire with complimentary marshmallows. S’mores kits available for purchase.', false, true, 'https://cdn1.parksmedia.wdprapps.disney.com/vision-dam/digital/parks-platform/parks-global-assets/disney-world/recreation/guide/GF_Aframe_Recreation-1125.pdf');
insert into public.activity_schedules (id, activity_id, is_daily, start_time, end_time, schedule_notes) values (md5('sched:act:grand-floridian:campfire')::uuid, md5('act:grand-floridian:campfire')::uuid, true, '5:30'::time, '6:30'::time, 'Nightly from 5:30pm-6:30pm');
insert into public.resort_activities (id, calendar_group_key, name, normalized_name, category, section, location, schedule_text, description, is_fee_based, is_daily, source_pdf_url) values (md5('act:grand-floridian:glow-party')::uuid, 'grand-floridian', 'Glow Party', 'glow-party', 'nighttime_entertainment'::public.activity_category, 'RESORT ACTIVITIES', 'Summerhouse', 'Monday, Wednesday and Friday at 7:00pm', 'Put your skills to the test with glow games and more!', false, false, 'https://cdn1.parksmedia.wdprapps.disney.com/vision-dam/digital/parks-platform/parks-global-assets/disney-world/recreation/guide/GF_Aframe_Recreation-1125.pdf');
insert into public.activity_schedules (id, activity_id, day_of_week, start_time, end_time, schedule_notes) values (md5('sched:act:grand-floridian:glow-party:monday')::uuid, md5('act:grand-floridian:glow-party')::uuid, 'monday'::public.day_of_week, '7:00'::time, null, 'Monday, Wednesday and Friday at 7:00pm');
insert into public.activity_schedules (id, activity_id, day_of_week, start_time, end_time, schedule_notes) values (md5('sched:act:grand-floridian:glow-party:wednesday')::uuid, md5('act:grand-floridian:glow-party')::uuid, 'wednesday'::public.day_of_week, '7:00'::time, null, 'Monday, Wednesday and Friday at 7:00pm');
insert into public.activity_schedules (id, activity_id, day_of_week, start_time, end_time, schedule_notes) values (md5('sched:act:grand-floridian:glow-party:friday')::uuid, md5('act:grand-floridian:glow-party')::uuid, 'friday'::public.day_of_week, '7:00'::time, null, 'Monday, Wednesday and Friday at 7:00pm');
insert into public.resort_activities (id, calendar_group_key, name, normalized_name, category, section, location, schedule_text, description, is_fee_based, is_daily, source_pdf_url) values (md5('act:grand-floridian:video-game-dance-party')::uuid, 'grand-floridian', 'Video Game Dance Party', 'video-game-dance-party', 'arcade'::public.activity_category, 'RESORT ACTIVITIES', 'Summerhouse', 'Tuesday and Saturday at 7:30pm', 'Show off your best moves at this interactive dance party!', false, false, 'https://cdn1.parksmedia.wdprapps.disney.com/vision-dam/digital/parks-platform/parks-global-assets/disney-world/recreation/guide/GF_Aframe_Recreation-1125.pdf');
insert into public.activity_schedules (id, activity_id, day_of_week, start_time, end_time, schedule_notes) values (md5('sched:act:grand-floridian:video-game-dance-party:tuesday')::uuid, md5('act:grand-floridian:video-game-dance-party')::uuid, 'tuesday'::public.day_of_week, '7:30'::time, null, 'Tuesday and Saturday at 7:30pm');
insert into public.activity_schedules (id, activity_id, day_of_week, start_time, end_time, schedule_notes) values (md5('sched:act:grand-floridian:video-game-dance-party:saturday')::uuid, md5('act:grand-floridian:video-game-dance-party')::uuid, 'saturday'::public.day_of_week, '7:30'::time, null, 'Tuesday and Saturday at 7:30pm');
insert into public.resort_activities (id, calendar_group_key, name, normalized_name, category, section, location, schedule_text, description, is_fee_based, is_daily, source_pdf_url) values (md5('act:polynesian:disney-family-fitness-fun')::uuid, 'polynesian', 'Disney Family Fitness Fun', 'disney-family-fitness-fun', 'fitness_wellness'::public.activity_category, 'RESORT ACTIVITIES', 'Great Ceremonial House Lawn', 'Thursday at 9:00am', 'Partake in this family-friendly fitness class— featuring some of your favorite music from Moana!', false, false, 'https://cdn1.parksmedia.wdprapps.disney.com/vision-dam/digital/parks-services/services-standard-assets/ops-comm/wdw-csd/resort-collateral/recreation/fy26-q2/Polynesian_Aframe_Recreation-0326.pdf');
insert into public.activity_schedules (id, activity_id, day_of_week, start_time, end_time, schedule_notes) values (md5('sched:act:polynesian:disney-family-fitness-fun:thursday')::uuid, md5('act:polynesian:disney-family-fitness-fun')::uuid, 'thursday'::public.day_of_week, '9:00'::time, null, 'Thursday at 9:00am');
insert into public.resort_activities (id, calendar_group_key, name, normalized_name, category, section, location, schedule_text, description, is_fee_based, is_daily, source_pdf_url) values (md5('act:polynesian:disney-fit-tai-chi')::uuid, 'polynesian', 'Disney Fit Tai Chi', 'disney-fit-tai-chi', 'fitness_wellness'::public.activity_category, 'RESORT ACTIVITIES', 'Great Ceremonial House Lawn', 'Monday at 6:00pm', 'Experience this one-of-a-kind Tai Chi class designed for all levels.', false, false, 'https://cdn1.parksmedia.wdprapps.disney.com/vision-dam/digital/parks-services/services-standard-assets/ops-comm/wdw-csd/resort-collateral/recreation/fy26-q2/Polynesian_Aframe_Recreation-0326.pdf');
insert into public.activity_schedules (id, activity_id, day_of_week, start_time, end_time, schedule_notes) values (md5('sched:act:polynesian:disney-fit-tai-chi:monday')::uuid, md5('act:polynesian:disney-fit-tai-chi')::uuid, 'monday'::public.day_of_week, '6:00'::time, null, 'Monday at 6:00pm');
insert into public.resort_activities (id, calendar_group_key, name, normalized_name, category, section, location, schedule_text, description, is_fee_based, is_daily, source_pdf_url) values (md5('act:polynesian:kukui-nut-leis')::uuid, 'polynesian', 'Kukui Nut Leis', 'kukui-nut-leis', 'arts_crafts'::public.activity_category, 'SIGNATURE ACTIVITIES', 'Great Ceremonial House Lobby', 'Monday, Wednesday and Friday from 4:00pm-5:00pm', 'Celebrate Polynesian culture by designing and creating your own Kukui Nut Lei.', true, false, 'https://cdn1.parksmedia.wdprapps.disney.com/vision-dam/digital/parks-services/services-standard-assets/ops-comm/wdw-csd/resort-collateral/recreation/fy26-q2/Polynesian_Aframe_Recreation-0326.pdf');
insert into public.activity_schedules (id, activity_id, day_of_week, start_time, end_time, schedule_notes) values (md5('sched:act:polynesian:kukui-nut-leis:monday')::uuid, md5('act:polynesian:kukui-nut-leis')::uuid, 'monday'::public.day_of_week, '4:00'::time, '5:00'::time, 'Monday, Wednesday and Friday from 4:00pm-5:00pm');
insert into public.activity_schedules (id, activity_id, day_of_week, start_time, end_time, schedule_notes) values (md5('sched:act:polynesian:kukui-nut-leis:wednesday')::uuid, md5('act:polynesian:kukui-nut-leis')::uuid, 'wednesday'::public.day_of_week, '4:00'::time, '5:00'::time, 'Monday, Wednesday and Friday from 4:00pm-5:00pm');
insert into public.activity_schedules (id, activity_id, day_of_week, start_time, end_time, schedule_notes) values (md5('sched:act:polynesian:kukui-nut-leis:friday')::uuid, md5('act:polynesian:kukui-nut-leis')::uuid, 'friday'::public.day_of_week, '4:00'::time, '5:00'::time, 'Monday, Wednesday and Friday from 4:00pm-5:00pm');
insert into public.resort_activities (id, calendar_group_key, name, normalized_name, category, section, location, schedule_text, description, is_fee_based, is_daily, source_pdf_url) values (md5('act:polynesian:lava-pool-party')::uuid, 'polynesian', 'Lava Pool Party', 'lava-pool-party', 'poolside'::public.activity_category, 'RESORT ACTIVITIES', 'Lava Pool Deck', 'Daily at 2:30pm', 'Join us for a fun-filled hour of games and dancing, both in and out of the Lava Pool.', false, true, 'https://cdn1.parksmedia.wdprapps.disney.com/vision-dam/digital/parks-services/services-standard-assets/ops-comm/wdw-csd/resort-collateral/recreation/fy26-q2/Polynesian_Aframe_Recreation-0326.pdf');
insert into public.activity_schedules (id, activity_id, is_daily, start_time, end_time, schedule_notes) values (md5('sched:act:polynesian:lava-pool-party')::uuid, md5('act:polynesian:lava-pool-party')::uuid, true, '2:30'::time, null, 'Daily at 2:30pm');
insert into public.resort_activities (id, calendar_group_key, name, normalized_name, category, section, location, schedule_text, description, is_fee_based, is_daily, source_pdf_url) values (md5('act:polynesian:mickey-tie-dye')::uuid, 'polynesian', 'Mickey Tie-Dye', 'mickey-tie-dye', 'arts_crafts'::public.activity_category, 'RESORT ACTIVITIES', 'Lava Pool Deck', 'Sunday, Tuesday, Thursday and Saturday', 'from 4:30pm-5:30pm Get creative with a Disney twist on this arts and crafts favorite!', true, false, 'https://cdn1.parksmedia.wdprapps.disney.com/vision-dam/digital/parks-services/services-standard-assets/ops-comm/wdw-csd/resort-collateral/recreation/fy26-q2/Polynesian_Aframe_Recreation-0326.pdf');
insert into public.activity_schedules (id, activity_id, day_of_week, start_time, end_time, schedule_notes) values (md5('sched:act:polynesian:mickey-tie-dye:sunday')::uuid, md5('act:polynesian:mickey-tie-dye')::uuid, 'sunday'::public.day_of_week, null, null, 'Sunday, Tuesday, Thursday and Saturday');
insert into public.activity_schedules (id, activity_id, day_of_week, start_time, end_time, schedule_notes) values (md5('sched:act:polynesian:mickey-tie-dye:tuesday')::uuid, md5('act:polynesian:mickey-tie-dye')::uuid, 'tuesday'::public.day_of_week, null, null, 'Sunday, Tuesday, Thursday and Saturday');
insert into public.activity_schedules (id, activity_id, day_of_week, start_time, end_time, schedule_notes) values (md5('sched:act:polynesian:mickey-tie-dye:thursday')::uuid, md5('act:polynesian:mickey-tie-dye')::uuid, 'thursday'::public.day_of_week, null, null, 'Sunday, Tuesday, Thursday and Saturday');
insert into public.activity_schedules (id, activity_id, day_of_week, start_time, end_time, schedule_notes) values (md5('sched:act:polynesian:mickey-tie-dye:saturday')::uuid, md5('act:polynesian:mickey-tie-dye')::uuid, 'saturday'::public.day_of_week, null, null, 'Sunday, Tuesday, Thursday and Saturday');
insert into public.resort_activities (id, calendar_group_key, name, normalized_name, category, section, location, schedule_text, description, is_fee_based, is_daily, source_pdf_url) values (md5('act:polynesian:the-big-kahuna-quiz')::uuid, 'polynesian', 'The Big Kahuna Quiz', 'the-big-kahuna-quiz', 'other'::public.activity_category, 'RESORT ACTIVITIES', 'Lava Pool Deck', 'Sunday, Tuesday, Thursday and Saturday at 6:30pm', 'Join us for some fun-filled trivia!', false, false, 'https://cdn1.parksmedia.wdprapps.disney.com/vision-dam/digital/parks-services/services-standard-assets/ops-comm/wdw-csd/resort-collateral/recreation/fy26-q2/Polynesian_Aframe_Recreation-0326.pdf');
insert into public.activity_schedules (id, activity_id, day_of_week, start_time, end_time, schedule_notes) values (md5('sched:act:polynesian:the-big-kahuna-quiz:sunday')::uuid, md5('act:polynesian:the-big-kahuna-quiz')::uuid, 'sunday'::public.day_of_week, '6:30'::time, null, 'Sunday, Tuesday, Thursday and Saturday at 6:30pm');
insert into public.activity_schedules (id, activity_id, day_of_week, start_time, end_time, schedule_notes) values (md5('sched:act:polynesian:the-big-kahuna-quiz:tuesday')::uuid, md5('act:polynesian:the-big-kahuna-quiz')::uuid, 'tuesday'::public.day_of_week, '6:30'::time, null, 'Sunday, Tuesday, Thursday and Saturday at 6:30pm');
insert into public.activity_schedules (id, activity_id, day_of_week, start_time, end_time, schedule_notes) values (md5('sched:act:polynesian:the-big-kahuna-quiz:thursday')::uuid, md5('act:polynesian:the-big-kahuna-quiz')::uuid, 'thursday'::public.day_of_week, '6:30'::time, null, 'Sunday, Tuesday, Thursday and Saturday at 6:30pm');
insert into public.activity_schedules (id, activity_id, day_of_week, start_time, end_time, schedule_notes) values (md5('sched:act:polynesian:the-big-kahuna-quiz:saturday')::uuid, md5('act:polynesian:the-big-kahuna-quiz')::uuid, 'saturday'::public.day_of_week, '6:30'::time, null, 'Sunday, Tuesday, Thursday and Saturday at 6:30pm');
insert into public.resort_activities (id, calendar_group_key, name, normalized_name, category, section, location, schedule_text, description, is_fee_based, is_daily, source_pdf_url) values (md5('act:polynesian:campfire')::uuid, 'polynesian', 'Campfire', 'campfire', 'campfire'::public.activity_category, 'RESORT ACTIVITIES', 'Seven Seas Lagoon Beach', 'Monday, Wednesday and Friday from 6:30pm-7:30pm', 'Enjoy the warm glow of the campfire with complimentary marshmallows. S’mores kits available for purchase.', false, false, 'https://cdn1.parksmedia.wdprapps.disney.com/vision-dam/digital/parks-services/services-standard-assets/ops-comm/wdw-csd/resort-collateral/recreation/fy26-q2/Polynesian_Aframe_Recreation-0326.pdf');
insert into public.activity_schedules (id, activity_id, day_of_week, start_time, end_time, schedule_notes) values (md5('sched:act:polynesian:campfire:monday')::uuid, md5('act:polynesian:campfire')::uuid, 'monday'::public.day_of_week, '6:30'::time, '7:30'::time, 'Monday, Wednesday and Friday from 6:30pm-7:30pm');
insert into public.activity_schedules (id, activity_id, day_of_week, start_time, end_time, schedule_notes) values (md5('sched:act:polynesian:campfire:wednesday')::uuid, md5('act:polynesian:campfire')::uuid, 'wednesday'::public.day_of_week, '6:30'::time, '7:30'::time, 'Monday, Wednesday and Friday from 6:30pm-7:30pm');
insert into public.activity_schedules (id, activity_id, day_of_week, start_time, end_time, schedule_notes) values (md5('sched:act:polynesian:campfire:friday')::uuid, md5('act:polynesian:campfire')::uuid, 'friday'::public.day_of_week, '6:30'::time, '7:30'::time, 'Monday, Wednesday and Friday from 6:30pm-7:30pm');
insert into public.resort_activities (id, calendar_group_key, name, normalized_name, category, section, location, schedule_text, description, is_fee_based, is_daily, source_pdf_url) values (md5('act:polynesian:video-game-dance-party')::uuid, 'polynesian', 'Video Game Dance Party', 'video-game-dance-party', 'arcade'::public.activity_category, 'RESORT ACTIVITIES', 'Great Ceremonial House Lawn', 'Sunday, Tuesday, Thursday and Saturday at 7:30pm', 'Show off your best moves at this interactive dance party!', false, false, 'https://cdn1.parksmedia.wdprapps.disney.com/vision-dam/digital/parks-services/services-standard-assets/ops-comm/wdw-csd/resort-collateral/recreation/fy26-q2/Polynesian_Aframe_Recreation-0326.pdf');
insert into public.activity_schedules (id, activity_id, day_of_week, start_time, end_time, schedule_notes) values (md5('sched:act:polynesian:video-game-dance-party:sunday')::uuid, md5('act:polynesian:video-game-dance-party')::uuid, 'sunday'::public.day_of_week, '7:30'::time, null, 'Sunday, Tuesday, Thursday and Saturday at 7:30pm');
insert into public.activity_schedules (id, activity_id, day_of_week, start_time, end_time, schedule_notes) values (md5('sched:act:polynesian:video-game-dance-party:tuesday')::uuid, md5('act:polynesian:video-game-dance-party')::uuid, 'tuesday'::public.day_of_week, '7:30'::time, null, 'Sunday, Tuesday, Thursday and Saturday at 7:30pm');
insert into public.activity_schedules (id, activity_id, day_of_week, start_time, end_time, schedule_notes) values (md5('sched:act:polynesian:video-game-dance-party:thursday')::uuid, md5('act:polynesian:video-game-dance-party')::uuid, 'thursday'::public.day_of_week, '7:30'::time, null, 'Sunday, Tuesday, Thursday and Saturday at 7:30pm');
insert into public.activity_schedules (id, activity_id, day_of_week, start_time, end_time, schedule_notes) values (md5('sched:act:polynesian:video-game-dance-party:saturday')::uuid, md5('act:polynesian:video-game-dance-party')::uuid, 'saturday'::public.day_of_week, '7:30'::time, null, 'Sunday, Tuesday, Thursday and Saturday at 7:30pm');
insert into public.resort_activities (id, calendar_group_key, name, normalized_name, category, section, location, schedule_text, description, is_fee_based, is_daily, source_pdf_url) values (md5('act:polynesian:aloha-after-dark')::uuid, 'polynesian', 'Aloha After Dark', 'aloha-after-dark', 'other'::public.activity_category, 'RESORT ACTIVITIES', 'Lava Pool Deck', 'Monday, Wednesday and Friday at 8:00pm', 'Enjoy a nighttime party filled with glow-in-the-dark games and dancing! ($) There is a fee associated with this activity. Hours of operation, lifeguard availability, and other offerings are subject to closures, weather conditions, and change or cancellation without notice. 0326', true, false, 'https://cdn1.parksmedia.wdprapps.disney.com/vision-dam/digital/parks-services/services-standard-assets/ops-comm/wdw-csd/resort-collateral/recreation/fy26-q2/Polynesian_Aframe_Recreation-0326.pdf');
insert into public.activity_schedules (id, activity_id, day_of_week, start_time, end_time, schedule_notes) values (md5('sched:act:polynesian:aloha-after-dark:monday')::uuid, md5('act:polynesian:aloha-after-dark')::uuid, 'monday'::public.day_of_week, '8:00'::time, null, 'Monday, Wednesday and Friday at 8:00pm');
insert into public.activity_schedules (id, activity_id, day_of_week, start_time, end_time, schedule_notes) values (md5('sched:act:polynesian:aloha-after-dark:wednesday')::uuid, md5('act:polynesian:aloha-after-dark')::uuid, 'wednesday'::public.day_of_week, '8:00'::time, null, 'Monday, Wednesday and Friday at 8:00pm');
insert into public.activity_schedules (id, activity_id, day_of_week, start_time, end_time, schedule_notes) values (md5('sched:act:polynesian:aloha-after-dark:friday')::uuid, md5('act:polynesian:aloha-after-dark')::uuid, 'friday'::public.day_of_week, '8:00'::time, null, 'Monday, Wednesday and Friday at 8:00pm');
insert into public.resort_activities (id, calendar_group_key, name, normalized_name, category, section, location, schedule_text, description, is_fee_based, is_daily, source_pdf_url) values (md5('act:wilderness-lodge:find-a-friend')::uuid, 'wilderness-lodge', 'Find A Friend', 'find-a-friend', 'resort_activity'::public.activity_category, 'RESORT ACTIVITIES', 'Throughout the Main Building', 'Daily from 9:00am-9:00pm', 'Search the main building for a hidden Chip ‘n’ Dale photo prop. Once located, snap a photo and then head to the Front Desk to receive a surprise!', false, true, 'https://cdn1.parksmedia.wdprapps.disney.com/vision-dam/digital/parks-services/services-standard-assets/ops-comm/wdw-csd/resort-collateral/recreation/fy26-q2/WL_Aframe_Recreation-0326.pdf');
insert into public.activity_schedules (id, activity_id, is_daily, start_time, end_time, schedule_notes) values (md5('sched:act:wilderness-lodge:find-a-friend')::uuid, md5('act:wilderness-lodge:find-a-friend')::uuid, true, '9:00'::time, '9:00'::time, 'Daily from 9:00am-9:00pm');
insert into public.resort_activities (id, calendar_group_key, name, normalized_name, category, section, location, schedule_text, description, is_fee_based, is_daily, source_pdf_url) values (md5('act:wilderness-lodge:storytime-yoga')::uuid, 'wilderness-lodge', 'Storytime Yoga', 'storytime-yoga', 'fitness_wellness'::public.activity_category, 'RESORT ACTIVITIES', 'Across from Buttons and Bells Game Arcade', 'Friday at 9:00am', 'Join us for stretches and stories inspired by our Disney friends. Please arrive by 8:45am to fill out a waiver and claim your spot in the class.', false, false, 'https://cdn1.parksmedia.wdprapps.disney.com/vision-dam/digital/parks-services/services-standard-assets/ops-comm/wdw-csd/resort-collateral/recreation/fy26-q2/WL_Aframe_Recreation-0326.pdf');
insert into public.activity_schedules (id, activity_id, day_of_week, start_time, end_time, schedule_notes) values (md5('sched:act:wilderness-lodge:storytime-yoga:friday')::uuid, md5('act:wilderness-lodge:storytime-yoga')::uuid, 'friday'::public.day_of_week, '9:00'::time, null, 'Friday at 9:00am');
insert into public.resort_activities (id, calendar_group_key, name, normalized_name, category, section, location, schedule_text, description, is_fee_based, is_daily, source_pdf_url) values (md5('act:wilderness-lodge:nature-walk')::uuid, 'wilderness-lodge', 'Nature Walk', 'nature-walk', 'resort_activity'::public.activity_category, 'RESORT ACTIVITIES', 'Embark on your own self-led adventure and explore', 'Daily throughout Disney’s Wilderness Lodge', 'the timeless beauty of Disney’s Wilderness Lodge. Pick up a Nature Guide at the Front Desk throughout the day or at Humphrey’s Hideout during scheduled activities to get started.', false, true, 'https://cdn1.parksmedia.wdprapps.disney.com/vision-dam/digital/parks-services/services-standard-assets/ops-comm/wdw-csd/resort-collateral/recreation/fy26-q2/WL_Aframe_Recreation-0326.pdf');
insert into public.activity_schedules (id, activity_id, is_daily, start_time, end_time, schedule_notes) values (md5('sched:act:wilderness-lodge:nature-walk')::uuid, md5('act:wilderness-lodge:nature-walk')::uuid, true, null, null, 'Daily throughout Disney’s Wilderness Lodge');
insert into public.resort_activities (id, calendar_group_key, name, normalized_name, category, section, location, schedule_text, description, is_fee_based, is_daily, source_pdf_url) values (md5('act:wilderness-lodge:tasteful-artistry-at')::uuid, 'wilderness-lodge', 'Tasteful Artistry At', 'tasteful-artistry-at', 'signature'::public.activity_category, 'SIGNATURE ACTIVITIES', 'DISNEY’S WILDERNESS LODGE ($)', 'Thursday at 12:00pm', 'Artist Point Create your own specialty wooden artwork! Reservations are available on a first-come, first-served basis. To book, please call 689-282-8375.', true, false, 'https://cdn1.parksmedia.wdprapps.disney.com/vision-dam/digital/parks-services/services-standard-assets/ops-comm/wdw-csd/resort-collateral/recreation/fy26-q2/WL_Aframe_Recreation-0326.pdf');
insert into public.activity_schedules (id, activity_id, day_of_week, start_time, end_time, schedule_notes) values (md5('sched:act:wilderness-lodge:tasteful-artistry-at:thursday')::uuid, md5('act:wilderness-lodge:tasteful-artistry-at')::uuid, 'thursday'::public.day_of_week, '12:00'::time, null, 'Thursday at 12:00pm');
insert into public.resort_activities (id, calendar_group_key, name, normalized_name, category, section, location, schedule_text, description, is_fee_based, is_daily, source_pdf_url) values (md5('act:wilderness-lodge:game-arcade')::uuid, 'wilderness-lodge', 'Game Arcade', 'game-arcade', 'arcade'::public.activity_category, 'RESORT ACTIVITIES', 'Near Wilderness Lodge Mercantile', 'Daily from 8:00am-11:00pm', 'Play the latest and greatest family-friendly video games.', true, true, 'https://cdn1.parksmedia.wdprapps.disney.com/vision-dam/digital/parks-services/services-standard-assets/ops-comm/wdw-csd/resort-collateral/recreation/fy26-q2/WL_Aframe_Recreation-0326.pdf');
insert into public.activity_schedules (id, activity_id, is_daily, start_time, end_time, schedule_notes) values (md5('sched:act:wilderness-lodge:game-arcade')::uuid, md5('act:wilderness-lodge:game-arcade')::uuid, true, '8:00'::time, '11:00'::time, 'Daily from 8:00am-11:00pm');
insert into public.resort_activities (id, calendar_group_key, name, normalized_name, category, section, location, schedule_text, description, is_fee_based, is_daily, source_pdf_url) values (md5('act:wilderness-lodge:art-architecture-tour')::uuid, 'wilderness-lodge', 'Art & Architecture Tour', 'art-architecture-tour', 'other'::public.activity_category, 'RESORT ACTIVITIES', 'Meet near Resort Lobby Fireplace', 'Daily at 9:00am', 'Join us for a fascinating, one-hour walking tour that highlights the architecture and theme of the Resort. Learn about the art, artifacts and classic craftsmanship that celebrate the majesty of the wilderness.', false, true, 'https://cdn1.parksmedia.wdprapps.disney.com/vision-dam/digital/parks-services/services-standard-assets/ops-comm/wdw-csd/resort-collateral/recreation/fy26-q2/WL_Aframe_Recreation-0326.pdf');
insert into public.activity_schedules (id, activity_id, is_daily, start_time, end_time, schedule_notes) values (md5('sched:act:wilderness-lodge:art-architecture-tour')::uuid, md5('act:wilderness-lodge:art-architecture-tour')::uuid, true, '9:00'::time, null, 'Daily at 9:00am');
insert into public.resort_activities (id, calendar_group_key, name, normalized_name, category, section, location, schedule_text, description, is_fee_based, is_daily, source_pdf_url) values (md5('act:wilderness-lodge:and-crafts')::uuid, 'wilderness-lodge', 'And Crafts', 'and-crafts', 'arts_crafts'::public.activity_category, 'RESORT ACTIVITIES', 'Humphrey’s Hideout at Disney’s Wilderness Lodge', 'Daily from 12:00pm-1:30pm;', '(Near Copper Creek Springs Pool) Additional activities and crafts on Monday, Tuesday, Thursday and Saturday from 3:30pm-4:30pm', true, true, 'https://cdn1.parksmedia.wdprapps.disney.com/vision-dam/digital/parks-services/services-standard-assets/ops-comm/wdw-csd/resort-collateral/recreation/fy26-q2/WL_Aframe_Recreation-0326.pdf');
insert into public.activity_schedules (id, activity_id, is_daily, start_time, end_time, schedule_notes) values (md5('sched:act:wilderness-lodge:and-crafts')::uuid, md5('act:wilderness-lodge:and-crafts')::uuid, true, '12:00'::time, '1:30'::time, 'Daily from 12:00pm-1:30pm;');
insert into public.resort_activities (id, calendar_group_key, name, normalized_name, category, section, location, schedule_text, description, is_fee_based, is_daily, source_pdf_url) values (md5('act:wilderness-lodge:poolside-activities')::uuid, 'wilderness-lodge', 'Poolside Activities', 'poolside-activities', 'poolside'::public.activity_category, 'RESORT ACTIVITIES', 'Copper Creek Springs Pool', 'Daily at 2:00pm', 'Join us for fun and games, both in and out of the pool. In the event of inclement weather, activities will be held at Humphrey’s Hideout at Disney’s Wilderness Lodge.', false, true, 'https://cdn1.parksmedia.wdprapps.disney.com/vision-dam/digital/parks-services/services-standard-assets/ops-comm/wdw-csd/resort-collateral/recreation/fy26-q2/WL_Aframe_Recreation-0326.pdf');
insert into public.activity_schedules (id, activity_id, is_daily, start_time, end_time, schedule_notes) values (md5('sched:act:wilderness-lodge:poolside-activities')::uuid, md5('act:wilderness-lodge:poolside-activities')::uuid, true, '2:00'::time, null, 'Daily at 2:00pm');
insert into public.resort_activities (id, calendar_group_key, name, normalized_name, category, section, location, schedule_text, description, is_fee_based, is_daily, source_pdf_url) values (md5('act:wilderness-lodge:mickey-tie-dye')::uuid, 'wilderness-lodge', 'Mickey Tie-Dye', 'mickey-tie-dye', 'arts_crafts'::public.activity_category, 'RESORT ACTIVITIES', 'Humphrey’s Hideout at Disney’s Wilderness Lodge', 'Sunday, Wednesday and Friday from 3:30pm-4:30pm', '(Near Copper Creek Springs Pool) Get creative with a Disney twist on this arts and crafts favorite!', true, false, 'https://cdn1.parksmedia.wdprapps.disney.com/vision-dam/digital/parks-services/services-standard-assets/ops-comm/wdw-csd/resort-collateral/recreation/fy26-q2/WL_Aframe_Recreation-0326.pdf');
insert into public.activity_schedules (id, activity_id, day_of_week, start_time, end_time, schedule_notes) values (md5('sched:act:wilderness-lodge:mickey-tie-dye:sunday')::uuid, md5('act:wilderness-lodge:mickey-tie-dye')::uuid, 'sunday'::public.day_of_week, '3:30'::time, '4:30'::time, 'Sunday, Wednesday and Friday from 3:30pm-4:30pm');
insert into public.activity_schedules (id, activity_id, day_of_week, start_time, end_time, schedule_notes) values (md5('sched:act:wilderness-lodge:mickey-tie-dye:wednesday')::uuid, md5('act:wilderness-lodge:mickey-tie-dye')::uuid, 'wednesday'::public.day_of_week, '3:30'::time, '4:30'::time, 'Sunday, Wednesday and Friday from 3:30pm-4:30pm');
insert into public.activity_schedules (id, activity_id, day_of_week, start_time, end_time, schedule_notes) values (md5('sched:act:wilderness-lodge:mickey-tie-dye:friday')::uuid, md5('act:wilderness-lodge:mickey-tie-dye')::uuid, 'friday'::public.day_of_week, '3:30'::time, '4:30'::time, 'Sunday, Wednesday and Friday from 3:30pm-4:30pm');
insert into public.resort_activities (id, calendar_group_key, name, normalized_name, category, section, location, schedule_text, description, is_fee_based, is_daily, source_pdf_url) values (md5('act:wilderness-lodge:campfire')::uuid, 'wilderness-lodge', 'Campfire', 'campfire', 'campfire'::public.activity_category, 'RESORT ACTIVITIES', 'Near Geyser Point Bar & Grill', 'Nightly from 6:30pm-7:30pm', 'Enjoy the warm glow of the campfire with complimentary marshmallows. S’mores kits available for purchase.', false, true, 'https://cdn1.parksmedia.wdprapps.disney.com/vision-dam/digital/parks-services/services-standard-assets/ops-comm/wdw-csd/resort-collateral/recreation/fy26-q2/WL_Aframe_Recreation-0326.pdf');
insert into public.activity_schedules (id, activity_id, is_daily, start_time, end_time, schedule_notes) values (md5('sched:act:wilderness-lodge:campfire')::uuid, md5('act:wilderness-lodge:campfire')::uuid, true, '6:30'::time, '7:30'::time, 'Nightly from 6:30pm-7:30pm');
insert into public.resort_activities (id, calendar_group_key, name, normalized_name, category, section, location, schedule_text, description, is_fee_based, is_daily, source_pdf_url) values (md5('act:wilderness-lodge:nighttime-pool-party')::uuid, 'wilderness-lodge', 'Nighttime Pool Party', 'nighttime-pool-party', 'poolside'::public.activity_category, 'RESORT ACTIVITIES', 'Copper Creek Springs Pool Deck', 'Monday and Wednesday at 8:30pm', 'Join us for family-friendly seasonal activities. See a Recreational Cast Member for more information. Fees may apply.', false, false, 'https://cdn1.parksmedia.wdprapps.disney.com/vision-dam/digital/parks-services/services-standard-assets/ops-comm/wdw-csd/resort-collateral/recreation/fy26-q2/WL_Aframe_Recreation-0326.pdf');
insert into public.activity_schedules (id, activity_id, day_of_week, start_time, end_time, schedule_notes) values (md5('sched:act:wilderness-lodge:nighttime-pool-party:monday')::uuid, md5('act:wilderness-lodge:nighttime-pool-party')::uuid, 'monday'::public.day_of_week, '8:30'::time, null, 'Monday and Wednesday at 8:30pm');
insert into public.activity_schedules (id, activity_id, day_of_week, start_time, end_time, schedule_notes) values (md5('sched:act:wilderness-lodge:nighttime-pool-party:wednesday')::uuid, md5('act:wilderness-lodge:nighttime-pool-party')::uuid, 'wednesday'::public.day_of_week, '8:30'::time, null, 'Monday and Wednesday at 8:30pm');
insert into public.resort_activities (id, calendar_group_key, name, normalized_name, category, section, location, schedule_text, description, is_fee_based, is_daily, source_pdf_url) values (md5('act:wilderness-lodge:wild-wilderness-bingo')::uuid, 'wilderness-lodge', 'Wild Wilderness Bingo', 'wild-wilderness-bingo', 'nighttime_entertainment'::public.activity_category, 'RESORT ACTIVITIES', 'Reunion Station Lawn', 'Friday at 8:30pm', 'Bring the family together for an unforgettable bingo night full of fun and prizes! ($) There is a fee associated with this activity. Hours of operation, lifeguard availability, and other offerings are subject to closures, weather conditions, and change or cancellation without notice. 0326', true, false, 'https://cdn1.parksmedia.wdprapps.disney.com/vision-dam/digital/parks-services/services-standard-assets/ops-comm/wdw-csd/resort-collateral/recreation/fy26-q2/WL_Aframe_Recreation-0326.pdf');
insert into public.activity_schedules (id, activity_id, day_of_week, start_time, end_time, schedule_notes) values (md5('sched:act:wilderness-lodge:wild-wilderness-bingo:friday')::uuid, md5('act:wilderness-lodge:wild-wilderness-bingo')::uuid, 'friday'::public.day_of_week, '8:30'::time, null, 'Friday at 8:30pm');
insert into public.resort_activities (id, calendar_group_key, name, normalized_name, category, section, location, schedule_text, description, is_fee_based, is_daily, source_pdf_url) values (md5('act:wilderness-lodge:arcade')::uuid, 'wilderness-lodge', 'Arcade', 'arcade', 'arcade'::public.activity_category, 'RESORT ACTIVITIES', 'Create your own specialty wooden artwork!', 'Thursday at 12:00pm', 'Reservations are available on a first-come, first-served basis. To book, please call 689-282-8375. MOVIE UNDER THE STARS LAWN OUTSIDE REUNION STATION | 8:30PM SUNCAY.......seeeeeee The Many Adventures of Winnie the Pooh TUCSCAY ...essssssssssssscsssessecssssssecsseecsees The Little Mermaid (1989) (¢ | THUrsCay ....sessscsssesssssssecsesessecsesesscsecessecsesassucsesnssucseeasenees Frozen 2 SAtUPAY ....sesssssscessessecsscsscsssessassecsucsecssssecsssnscacsuceecsecses Big Hero 6 In the event of ', true, false, 'https://cdn1.parksmedia.wdprapps.disney.com/vision-dam/digital/parks-services/services-standard-assets/ops-comm/wdw-csd/resort-collateral/recreation/fy26-q2/WL_Aframe_Recreation-0326.pdf');
insert into public.activity_schedules (id, activity_id, day_of_week, start_time, end_time, schedule_notes) values (md5('sched:act:wilderness-lodge:arcade:thursday')::uuid, md5('act:wilderness-lodge:arcade')::uuid, 'thursday'::public.day_of_week, '12:00'::time, null, 'Thursday at 12:00pm');
insert into public.resort_activities (id, calendar_group_key, name, normalized_name, category, section, location, schedule_text, description, is_fee_based, is_daily, source_pdf_url) values (md5('act:old-key-west:disney-fit-yoga')::uuid, 'old-key-west', 'Disney Fit Yoga', 'disney-fit-yoga', 'fitness_wellness'::public.activity_category, 'RESORT ACTIVITIES', 'Near the Sandcastle Pool area', 'Sunday at 9:00am', 'Ground yourself with a gentle yoga session to start your day. Designed for all skill levels, this experience incorporates various poses set to your favorite Disney music!', false, false, 'https://cdn1.parksmedia.wdprapps.disney.com/vision-dam/digital/parks-services/services-standard-assets/ops-comm/wdw-csd/resort-collateral/recreation/fy26-q2/OKWR_Aframe_Recreation-0326.pdf');
insert into public.activity_schedules (id, activity_id, day_of_week, start_time, end_time, schedule_notes) values (md5('sched:act:old-key-west:disney-fit-yoga:sunday')::uuid, md5('act:old-key-west:disney-fit-yoga')::uuid, 'sunday'::public.day_of_week, '9:00'::time, null, 'Sunday at 9:00am');
insert into public.resort_activities (id, calendar_group_key, name, normalized_name, category, section, location, schedule_text, description, is_fee_based, is_daily, source_pdf_url) values (md5('act:old-key-west:disney-fit-aqua-fitness')::uuid, 'old-key-west', 'Disney Fit Aqua Fitness', 'disney-fit-aqua-fitness', 'fitness_wellness'::public.activity_category, 'RESORT ACTIVITIES', 'Sandcastle Pool', 'Tuesday at 9:00am', 'Move to the music and the water’s natural resistance during this water aerobic exercise class that welcomes all skill levels.', false, false, 'https://cdn1.parksmedia.wdprapps.disney.com/vision-dam/digital/parks-services/services-standard-assets/ops-comm/wdw-csd/resort-collateral/recreation/fy26-q2/OKWR_Aframe_Recreation-0326.pdf');
insert into public.activity_schedules (id, activity_id, day_of_week, start_time, end_time, schedule_notes) values (md5('sched:act:old-key-west:disney-fit-aqua-fitness:tuesday')::uuid, md5('act:old-key-west:disney-fit-aqua-fitness')::uuid, 'tuesday'::public.day_of_week, '9:00'::time, null, 'Tuesday at 9:00am');
insert into public.resort_activities (id, calendar_group_key, name, normalized_name, category, section, location, schedule_text, description, is_fee_based, is_daily, source_pdf_url) values (md5('act:old-key-west:pickleball-clinic')::uuid, 'old-key-west', 'Pickleball Clinic', 'pickleball-clinic', 'fitness_wellness'::public.activity_category, 'RESORT ACTIVITIES', 'Tennis Courts near Hospitality House', 'Thursday at 9:30am', 'Join us for an introduction to Pickleball! Learn the basic rules and how to volley, serve and dink. Reservations required. Please stop by Community Hall or call 407-827-1183 to reserve your spot.', false, false, 'https://cdn1.parksmedia.wdprapps.disney.com/vision-dam/digital/parks-services/services-standard-assets/ops-comm/wdw-csd/resort-collateral/recreation/fy26-q2/OKWR_Aframe_Recreation-0326.pdf');
insert into public.activity_schedules (id, activity_id, day_of_week, start_time, end_time, schedule_notes) values (md5('sched:act:old-key-west:pickleball-clinic:thursday')::uuid, md5('act:old-key-west:pickleball-clinic')::uuid, 'thursday'::public.day_of_week, '9:30'::time, null, 'Thursday at 9:30am');
insert into public.resort_activities (id, calendar_group_key, name, normalized_name, category, section, location, schedule_text, description, is_fee_based, is_daily, source_pdf_url) values (md5('act:old-key-west:find-a-friend')::uuid, 'old-key-west', 'Find A Friend', 'find-a-friend', 'resort_activity'::public.activity_category, 'RESORT ACTIVITIES', 'Throughout Disney’s Old Key West Resort', 'Daily from 10:00am-10:00pm', 'Search the Resort for a hidden Orange Bird photo prop. Once located, snap a photo and then head to Community Hall to receive a surprise!', false, true, 'https://cdn1.parksmedia.wdprapps.disney.com/vision-dam/digital/parks-services/services-standard-assets/ops-comm/wdw-csd/resort-collateral/recreation/fy26-q2/OKWR_Aframe_Recreation-0326.pdf');
insert into public.activity_schedules (id, activity_id, is_daily, start_time, end_time, schedule_notes) values (md5('sched:act:old-key-west:find-a-friend')::uuid, md5('act:old-key-west:find-a-friend')::uuid, true, '10:00'::time, '10:00'::time, 'Daily from 10:00am-10:00pm');
insert into public.resort_activities (id, calendar_group_key, name, normalized_name, category, section, location, schedule_text, description, is_fee_based, is_daily, source_pdf_url) values (md5('act:old-key-west:bike-rentals')::uuid, 'old-key-west', 'Bike Rentals', 'bike-rentals', 'rental'::public.activity_category, 'RESORT ACTIVITIES', 'Hank’s Rent ‘N Return at Community Hall', 'Daily from 10:00am-6:30pm', 'Choose from individual bikes to two-or four-person surrey bikes for a fun family outing!', true, true, 'https://cdn1.parksmedia.wdprapps.disney.com/vision-dam/digital/parks-services/services-standard-assets/ops-comm/wdw-csd/resort-collateral/recreation/fy26-q2/OKWR_Aframe_Recreation-0326.pdf');
insert into public.activity_schedules (id, activity_id, is_daily, start_time, end_time, schedule_notes) values (md5('sched:act:old-key-west:bike-rentals')::uuid, md5('act:old-key-west:bike-rentals')::uuid, true, '10:00'::time, '6:30'::time, 'Daily from 10:00am-6:30pm');
insert into public.resort_activities (id, calendar_group_key, name, normalized_name, category, section, location, schedule_text, description, is_fee_based, is_daily, source_pdf_url) values (md5('act:old-key-west:movie-under-the-stars')::uuid, 'old-key-west', 'Movie Under the Stars', 'movie-under-the-stars', 'movies_under_stars'::public.activity_category, 'MOVIE UNDER THE STARS', 'THE VOLLEYBALL COURT', '8:30PM', null, false, false, 'https://cdn1.parksmedia.wdprapps.disney.com/vision-dam/digital/parks-services/services-standard-assets/ops-comm/wdw-csd/resort-collateral/recreation/fy26-q2/OKWR_Aframe_Recreation-0326.pdf');
insert into public.movie_nights (id, activity_id, day_of_week, movie_title, show_time, location) values (md5('movie:act:old-key-west:movie-under-the-stars:tuesday')::uuid, md5('act:old-key-west:movie-under-the-stars')::uuid, 'tuesday'::public.day_of_week, 'ssessssssssssecesscecesssecsceseeeencees Zootopia or Zootopia 2 PG)', '8:30'::time, 'THE VOLLEYBALL COURT');
insert into public.movie_nights (id, activity_id, day_of_week, movie_title, show_time, location) values (md5('movie:act:old-key-west:movie-under-the-stars:saturday')::uuid, md5('act:old-key-west:movie-under-the-stars')::uuid, 'saturday'::public.day_of_week, 'secssscsesssessessessecssessscsnceseesseeseens Freaky Friday (2003) [Pe', '8:30'::time, 'THE VOLLEYBALL COURT');
insert into public.resort_activities (id, calendar_group_key, name, normalized_name, category, section, location, schedule_text, description, is_fee_based, is_daily, source_pdf_url) values (md5('act:old-key-west:conch-flats-community-hall')::uuid, 'old-key-west', 'Conch Flats Community Hall', 'conch-flats-community-hall', 'resort_activity'::public.activity_category, 'RESORT ACTIVITIES', 'Hospitality House', 'Daily from 10:00am-10:00pm', 'Join us to create one-of-a-kind crafts, borrow your favorite sports equipment and more! Fees may apply.', false, true, 'https://cdn1.parksmedia.wdprapps.disney.com/vision-dam/digital/parks-services/services-standard-assets/ops-comm/wdw-csd/resort-collateral/recreation/fy26-q2/OKWR_Aframe_Recreation-0326.pdf');
insert into public.activity_schedules (id, activity_id, is_daily, start_time, end_time, schedule_notes) values (md5('sched:act:old-key-west:conch-flats-community-hall')::uuid, md5('act:old-key-west:conch-flats-community-hall')::uuid, true, '10:00'::time, '10:00'::time, 'Daily from 10:00am-10:00pm');
insert into public.resort_activities (id, calendar_group_key, name, normalized_name, category, section, location, schedule_text, description, is_fee_based, is_daily, source_pdf_url) values (md5('act:old-key-west:poolside-activities')::uuid, 'old-key-west', 'Poolside Activities', 'poolside-activities', 'poolside'::public.activity_category, 'RESORT ACTIVITIES', 'Sandcastle Pool Deck', 'Daily from 12:00pm-2:00pm', 'Soak in the sun with some family-friendly activities, both in and out of the water. See a Recreation Cast Member for more information.', false, true, 'https://cdn1.parksmedia.wdprapps.disney.com/vision-dam/digital/parks-services/services-standard-assets/ops-comm/wdw-csd/resort-collateral/recreation/fy26-q2/OKWR_Aframe_Recreation-0326.pdf');
insert into public.activity_schedules (id, activity_id, is_daily, start_time, end_time, schedule_notes) values (md5('sched:act:old-key-west:poolside-activities')::uuid, md5('act:old-key-west:poolside-activities')::uuid, true, '12:00'::time, '2:00'::time, 'Daily from 12:00pm-2:00pm');
insert into public.resort_activities (id, calendar_group_key, name, normalized_name, category, section, location, schedule_text, description, is_fee_based, is_daily, source_pdf_url) values (md5('act:old-key-west:mickey-tie-dye')::uuid, 'old-key-west', 'Mickey Tie-Dye', 'mickey-tie-dye', 'arts_crafts'::public.activity_category, 'RESORT ACTIVITIES', 'Outside of Community Hall', 'Sunday, Monday, Tuesday, Thursday,', 'Friday and Saturday from 2:30pm-3:30pm Get creative with a Disney twist on this arts and crafts favorite!', true, false, 'https://cdn1.parksmedia.wdprapps.disney.com/vision-dam/digital/parks-services/services-standard-assets/ops-comm/wdw-csd/resort-collateral/recreation/fy26-q2/OKWR_Aframe_Recreation-0326.pdf');
insert into public.activity_schedules (id, activity_id, day_of_week, start_time, end_time, schedule_notes) values (md5('sched:act:old-key-west:mickey-tie-dye:sunday')::uuid, md5('act:old-key-west:mickey-tie-dye')::uuid, 'sunday'::public.day_of_week, null, null, 'Sunday, Monday, Tuesday, Thursday,');
insert into public.activity_schedules (id, activity_id, day_of_week, start_time, end_time, schedule_notes) values (md5('sched:act:old-key-west:mickey-tie-dye:monday')::uuid, md5('act:old-key-west:mickey-tie-dye')::uuid, 'monday'::public.day_of_week, null, null, 'Sunday, Monday, Tuesday, Thursday,');
insert into public.activity_schedules (id, activity_id, day_of_week, start_time, end_time, schedule_notes) values (md5('sched:act:old-key-west:mickey-tie-dye:tuesday')::uuid, md5('act:old-key-west:mickey-tie-dye')::uuid, 'tuesday'::public.day_of_week, null, null, 'Sunday, Monday, Tuesday, Thursday,');
insert into public.activity_schedules (id, activity_id, day_of_week, start_time, end_time, schedule_notes) values (md5('sched:act:old-key-west:mickey-tie-dye:thursday')::uuid, md5('act:old-key-west:mickey-tie-dye')::uuid, 'thursday'::public.day_of_week, null, null, 'Sunday, Monday, Tuesday, Thursday,');
insert into public.resort_activities (id, calendar_group_key, name, normalized_name, category, section, location, schedule_text, description, is_fee_based, is_daily, source_pdf_url) values (md5('act:old-key-west:campfire')::uuid, 'old-key-west', 'Campfire', 'campfire', 'campfire'::public.activity_category, 'RESORT ACTIVITIES', 'Near the Sandcastle Pool Area Tennis Courts', 'Nightly from 6:00pm-7:00pm', 'Enjoy the warm glow of the campfire with complimentary marshmallows. S’mores kits available for purchase.', false, true, 'https://cdn1.parksmedia.wdprapps.disney.com/vision-dam/digital/parks-services/services-standard-assets/ops-comm/wdw-csd/resort-collateral/recreation/fy26-q2/OKWR_Aframe_Recreation-0326.pdf');
insert into public.activity_schedules (id, activity_id, is_daily, start_time, end_time, schedule_notes) values (md5('sched:act:old-key-west:campfire')::uuid, md5('act:old-key-west:campfire')::uuid, true, '6:00'::time, '7:00'::time, 'Nightly from 6:00pm-7:00pm');
insert into public.resort_activities (id, calendar_group_key, name, normalized_name, category, section, location, schedule_text, description, is_fee_based, is_daily, source_pdf_url) values (md5('act:old-key-west:sunset-celebration')::uuid, 'old-key-west', 'Sunset Celebration', 'sunset-celebration', 'other'::public.activity_category, 'RESORT ACTIVITIES', 'Hospitality House', 'Friday at Sunset', 'Inspired by the nightly, multicultural festival of watching the sun sink into the Gulf at Mallory Square in Key West, Florida. Come celebrate our interpretation of this tradition with family-friendly activities and more.', false, false, 'https://cdn1.parksmedia.wdprapps.disney.com/vision-dam/digital/parks-services/services-standard-assets/ops-comm/wdw-csd/resort-collateral/recreation/fy26-q2/OKWR_Aframe_Recreation-0326.pdf');
insert into public.activity_schedules (id, activity_id, day_of_week, start_time, end_time, schedule_notes) values (md5('sched:act:old-key-west:sunset-celebration:friday')::uuid, md5('act:old-key-west:sunset-celebration')::uuid, 'friday'::public.day_of_week, null, null, 'Friday at Sunset');
insert into public.resort_activities (id, calendar_group_key, name, normalized_name, category, section, location, schedule_text, description, is_fee_based, is_daily, source_pdf_url) values (md5('act:old-key-west:nighttime-trivia')::uuid, 'old-key-west', 'Nighttime Trivia', 'nighttime-trivia', 'nighttime_entertainment'::public.activity_category, 'RESORT ACTIVITIES', 'Papa’s Den near the lobby', 'Monday from 8:00pm-9:00pm', 'Put your knowledge to the test!', false, false, 'https://cdn1.parksmedia.wdprapps.disney.com/vision-dam/digital/parks-services/services-standard-assets/ops-comm/wdw-csd/resort-collateral/recreation/fy26-q2/OKWR_Aframe_Recreation-0326.pdf');
insert into public.activity_schedules (id, activity_id, day_of_week, start_time, end_time, schedule_notes) values (md5('sched:act:old-key-west:nighttime-trivia:monday')::uuid, md5('act:old-key-west:nighttime-trivia')::uuid, 'monday'::public.day_of_week, '8:00'::time, '9:00'::time, 'Monday from 8:00pm-9:00pm');
insert into public.resort_activities (id, calendar_group_key, name, normalized_name, category, section, location, schedule_text, description, is_fee_based, is_daily, source_pdf_url) values (md5('act:old-key-west:conch-crazy-bingo')::uuid, 'old-key-west', 'Conch Crazy Bingo', 'conch-crazy-bingo', 'nighttime_entertainment'::public.activity_category, 'RESORT ACTIVITIES', 'Community Hall', 'Wednesday and Friday from 8:00pm-9:00pm', 'Bring the family together for an unforgettable bingo night full of fun, joy, and prizes!', false, false, 'https://cdn1.parksmedia.wdprapps.disney.com/vision-dam/digital/parks-services/services-standard-assets/ops-comm/wdw-csd/resort-collateral/recreation/fy26-q2/OKWR_Aframe_Recreation-0326.pdf');
insert into public.activity_schedules (id, activity_id, day_of_week, start_time, end_time, schedule_notes) values (md5('sched:act:old-key-west:conch-crazy-bingo:wednesday')::uuid, md5('act:old-key-west:conch-crazy-bingo')::uuid, 'wednesday'::public.day_of_week, '8:00'::time, '9:00'::time, 'Wednesday and Friday from 8:00pm-9:00pm');
insert into public.activity_schedules (id, activity_id, day_of_week, start_time, end_time, schedule_notes) values (md5('sched:act:old-key-west:conch-crazy-bingo:friday')::uuid, md5('act:old-key-west:conch-crazy-bingo')::uuid, 'friday'::public.day_of_week, '8:00'::time, '9:00'::time, 'Wednesday and Friday from 8:00pm-9:00pm');
insert into public.resort_activities (id, calendar_group_key, name, normalized_name, category, section, location, schedule_text, description, is_fee_based, is_daily, source_pdf_url) values (md5('act:old-key-west:conch-flats-mosaics')::uuid, 'old-key-west', 'Conch Flats Mosaics', 'conch-flats-mosaics', 'arts_crafts'::public.activity_category, 'SIGNATURE ACTIVITIES', 'Papa’s Den near the lobby', 'Wednesday at 3:00pm', 'Design your own mosaic showpiece with a touch of Disney flair. This experience is recommended for Guests ages 12 and up. Class may take up to 2 hours. Reservations are required. Please visit Community Hall or call 407-827-1183 to reserve your spot. Space is limited. Weather permitting. ($) There is a fee associated with this activity. Hours of operation, lifeguard availability, and other offerings are subject to closures, weather conditions, and change or cancellation without notice. 0326', true, false, 'https://cdn1.parksmedia.wdprapps.disney.com/vision-dam/digital/parks-services/services-standard-assets/ops-comm/wdw-csd/resort-collateral/recreation/fy26-q2/OKWR_Aframe_Recreation-0326.pdf');
insert into public.activity_schedules (id, activity_id, day_of_week, start_time, end_time, schedule_notes) values (md5('sched:act:old-key-west:conch-flats-mosaics:wednesday')::uuid, md5('act:old-key-west:conch-flats-mosaics')::uuid, 'wednesday'::public.day_of_week, '3:00'::time, null, 'Wednesday at 3:00pm');
insert into public.resort_activities (id, calendar_group_key, name, normalized_name, category, section, location, schedule_text, description, is_fee_based, is_daily, source_pdf_url) values (md5('act:old-key-west:community-hall')::uuid, 'old-key-west', 'Community Hall', 'community-hall', 'resort_activity'::public.activity_category, 'SIGNATURE ACTIVITIES', 'Choose from individual bikes to two-or four-person', 'Daily from 10:00am-6:30pm', 'surrey bikes for a fun family outing! MOVIE UNDER THE STARS LOCATED NEAR THE VOLLEYBALL COURT | 8:30PM SUNCAY ...ssssssssssessecsessecssssssassecsacsecsecsessssaseassacsessees Aladdin (1992) (¢ TUCSCaY ......ssessssssssssecesscecesssecsceseeeencees Zootopia or Zootopia 2 PG) THUrsay ........ssssssscscssesecesscececececscscscscecscscscsssescseseseseeseeees Moana [Ps| SAtUray ....secssscsesssessessessecssessscsnceseesseeseens Freaky Friday (2003) [Pe RESORT ACTIVITIES CONCH FLATS COMMUNITY HALL Ho', false, true, 'https://cdn1.parksmedia.wdprapps.disney.com/vision-dam/digital/parks-services/services-standard-assets/ops-comm/wdw-csd/resort-collateral/recreation/fy26-q2/OKWR_Aframe_Recreation-0326.pdf');
insert into public.activity_schedules (id, activity_id, is_daily, start_time, end_time, schedule_notes) values (md5('sched:act:old-key-west:community-hall')::uuid, md5('act:old-key-west:community-hall')::uuid, true, '10:00'::time, '6:30'::time, 'Daily from 10:00am-6:30pm');
insert into public.resort_activities (id, calendar_group_key, name, normalized_name, category, section, location, schedule_text, description, is_fee_based, is_daily, source_pdf_url) values (md5('act:riviera:a-disney-vacation-club-resort')::uuid, 'riviera', 'A Disney Vacation Club Resort', 'a-disney-vacation-club-resort', 'other'::public.activity_category, 'RESORT ACTIVITIES', 'ACTIVITIES SCHEDULE TO VIEW', 'THIS INFORMATION DIGITALLY!', 'THIS INFORMATION DIGITALLY! ‘<Dienep FAMILY WELLNESS', false, false, 'https://cdn1.parksmedia.wdprapps.disney.com/vision-dam/digital/parks-services/services-standard-assets/ops-comm/wdw-csd/resort-collateral/recreation/fy26-q2/DRR_Aframe_Recreation-0326.pdf');
insert into public.resort_activities (id, calendar_group_key, name, normalized_name, category, section, location, schedule_text, description, is_fee_based, is_daily, source_pdf_url) values (md5('act:riviera:find-a-friend')::uuid, 'riviera', 'Find A Friend', 'find-a-friend', 'resort_activity'::public.activity_category, 'RESORT ACTIVITIES', 'Throughout Disney’s Riviera Resort', 'Daily from 10:00am-10:00pm', 'Search the Resort for a hidden Pascal photo prop. Once located, snap a photo and then head to The Eventi Room to receive a surprise!', false, true, 'https://cdn1.parksmedia.wdprapps.disney.com/vision-dam/digital/parks-services/services-standard-assets/ops-comm/wdw-csd/resort-collateral/recreation/fy26-q2/DRR_Aframe_Recreation-0326.pdf');
insert into public.activity_schedules (id, activity_id, is_daily, start_time, end_time, schedule_notes) values (md5('sched:act:riviera:find-a-friend')::uuid, md5('act:riviera:find-a-friend')::uuid, true, '10:00'::time, '10:00'::time, 'Daily from 10:00am-10:00pm');
insert into public.resort_activities (id, calendar_group_key, name, normalized_name, category, section, location, schedule_text, description, is_fee_based, is_daily, source_pdf_url) values (md5('act:riviera:nature-walk')::uuid, 'riviera', 'Nature Walk', 'nature-walk', 'resort_activity'::public.activity_category, 'RESORT ACTIVITIES', 'Enjoy a self-led nature walk around Barefoot Bay. Pick', 'Daily around Barefoot Bay', 'up a Nature Guide at The Eventi Room to get started.', false, true, 'https://cdn1.parksmedia.wdprapps.disney.com/vision-dam/digital/parks-services/services-standard-assets/ops-comm/wdw-csd/resort-collateral/recreation/fy26-q2/DRR_Aframe_Recreation-0326.pdf');
insert into public.activity_schedules (id, activity_id, is_daily, start_time, end_time, schedule_notes) values (md5('sched:act:riviera:nature-walk')::uuid, md5('act:riviera:nature-walk')::uuid, true, null, null, 'Daily around Barefoot Bay');
insert into public.resort_activities (id, calendar_group_key, name, normalized_name, category, section, location, schedule_text, description, is_fee_based, is_daily, source_pdf_url) values (md5('act:riviera:art-de-la-mosaique')::uuid, 'riviera', 'Art De La Mosaique', 'art-de-la-mosaique', 'signature'::public.activity_category, 'SIGNATURE ACTIVITIES', 'The Eventi Room', 'Sunday and Tuesday from 11:00am-1:00pm', 'Experience the timeless and classic tradition of mosaic creation with an instructor-led crafting class. This experience is recommended for Guests ages 12 and up. To sign up, please see a Recreation Cast Member inside The Eventi Room.', true, false, 'https://cdn1.parksmedia.wdprapps.disney.com/vision-dam/digital/parks-services/services-standard-assets/ops-comm/wdw-csd/resort-collateral/recreation/fy26-q2/DRR_Aframe_Recreation-0326.pdf');
insert into public.activity_schedules (id, activity_id, day_of_week, start_time, end_time, schedule_notes) values (md5('sched:act:riviera:art-de-la-mosaique:sunday')::uuid, md5('act:riviera:art-de-la-mosaique')::uuid, 'sunday'::public.day_of_week, '11:00'::time, '1:00'::time, 'Sunday and Tuesday from 11:00am-1:00pm');
insert into public.activity_schedules (id, activity_id, day_of_week, start_time, end_time, schedule_notes) values (md5('sched:act:riviera:art-de-la-mosaique:tuesday')::uuid, md5('act:riviera:art-de-la-mosaique')::uuid, 'tuesday'::public.day_of_week, '11:00'::time, '1:00'::time, 'Sunday and Tuesday from 11:00am-1:00pm');
insert into public.resort_activities (id, calendar_group_key, name, normalized_name, category, section, location, schedule_text, description, is_fee_based, is_daily, source_pdf_url) values (md5('act:riviera:painting-on-the-riviera')::uuid, 'riviera', 'Painting On The Riviera', 'painting-on-the-riviera', 'arts_crafts'::public.activity_category, 'SIGNATURE ACTIVITIES', 'The Eventi Room', 'Thursday from 11:00am-1:00pm', 'Get in touch with your inner artist in this unique instructor-led painting class! This experience is recommended for Guests ages 12 and up. To reserve your spot, please call 407-WWDW-PLAY or see a Recreation Cast Member inside The Eventi Room.', true, false, 'https://cdn1.parksmedia.wdprapps.disney.com/vision-dam/digital/parks-services/services-standard-assets/ops-comm/wdw-csd/resort-collateral/recreation/fy26-q2/DRR_Aframe_Recreation-0326.pdf');
insert into public.activity_schedules (id, activity_id, day_of_week, start_time, end_time, schedule_notes) values (md5('sched:act:riviera:painting-on-the-riviera:thursday')::uuid, md5('act:riviera:painting-on-the-riviera')::uuid, 'thursday'::public.day_of_week, '11:00'::time, '1:00'::time, 'Thursday from 11:00am-1:00pm');
insert into public.resort_activities (id, calendar_group_key, name, normalized_name, category, section, location, schedule_text, description, is_fee_based, is_daily, source_pdf_url) values (md5('act:riviera:the-eventi-room')::uuid, 'riviera', 'The Eventi Room', 'the-eventi-room', 'other'::public.activity_category, 'RESORT ACTIVITIES', 'Monday, Wednesday, Friday and Saturday', 'Sunday, Tuesday and Thursday from 1:00pm-10:00pm;', 'from 10:00am-10:00pm Gather in The Eventi Room to create arts & crafts!', true, false, 'https://cdn1.parksmedia.wdprapps.disney.com/vision-dam/digital/parks-services/services-standard-assets/ops-comm/wdw-csd/resort-collateral/recreation/fy26-q2/DRR_Aframe_Recreation-0326.pdf');
insert into public.activity_schedules (id, activity_id, day_of_week, start_time, end_time, schedule_notes) values (md5('sched:act:riviera:the-eventi-room:sunday')::uuid, md5('act:riviera:the-eventi-room')::uuid, 'sunday'::public.day_of_week, '1:00'::time, '10:00'::time, 'Sunday, Tuesday and Thursday from 1:00pm-10:00pm;');
insert into public.activity_schedules (id, activity_id, day_of_week, start_time, end_time, schedule_notes) values (md5('sched:act:riviera:the-eventi-room:tuesday')::uuid, md5('act:riviera:the-eventi-room')::uuid, 'tuesday'::public.day_of_week, '1:00'::time, '10:00'::time, 'Sunday, Tuesday and Thursday from 1:00pm-10:00pm;');
insert into public.activity_schedules (id, activity_id, day_of_week, start_time, end_time, schedule_notes) values (md5('sched:act:riviera:the-eventi-room:thursday')::uuid, md5('act:riviera:the-eventi-room')::uuid, 'thursday'::public.day_of_week, '1:00'::time, '10:00'::time, 'Sunday, Tuesday and Thursday from 1:00pm-10:00pm;');
insert into public.resort_activities (id, calendar_group_key, name, normalized_name, category, section, location, schedule_text, description, is_fee_based, is_daily, source_pdf_url) values (md5('act:riviera:poolside-activities')::uuid, 'riviera', 'Poolside Activities', 'poolside-activities', 'poolside'::public.activity_category, 'RESORT ACTIVITIES', 'Riviera Feature Pool Deck', 'Daily from 1:30pm-3:30pm', 'Join us for fun and games, both in and out of the pool. See a Recreation Cast Member for more information. COTE D’AZUR CAMPFIRE Fire Pit near Riviera Feature Pool waterfront Nightly from 6:00pm-7:00pm Enjoy the warm glow of the campfire with complimentary marshmallows. S’mores kits available for purchase.', false, true, 'https://cdn1.parksmedia.wdprapps.disney.com/vision-dam/digital/parks-services/services-standard-assets/ops-comm/wdw-csd/resort-collateral/recreation/fy26-q2/DRR_Aframe_Recreation-0326.pdf');
insert into public.activity_schedules (id, activity_id, is_daily, start_time, end_time, schedule_notes) values (md5('sched:act:riviera:poolside-activities')::uuid, md5('act:riviera:poolside-activities')::uuid, true, '1:30'::time, '3:30'::time, 'Daily from 1:30pm-3:30pm');
insert into public.resort_activities (id, calendar_group_key, name, normalized_name, category, section, location, schedule_text, description, is_fee_based, is_daily, source_pdf_url) values (md5('act:riviera:nighttime-trivia')::uuid, 'riviera', 'Nighttime Trivia', 'nighttime-trivia', 'nighttime_entertainment'::public.activity_category, 'RESORT ACTIVITIES', 'Riviera Courtyard', 'Sunday, Monday, Tuesday, Wednesday, Thursday', 'and Friday at 7:30pm Put your knowledge to the test with this evening challenge!', false, false, 'https://cdn1.parksmedia.wdprapps.disney.com/vision-dam/digital/parks-services/services-standard-assets/ops-comm/wdw-csd/resort-collateral/recreation/fy26-q2/DRR_Aframe_Recreation-0326.pdf');
insert into public.activity_schedules (id, activity_id, day_of_week, start_time, end_time, schedule_notes) values (md5('sched:act:riviera:nighttime-trivia:sunday')::uuid, md5('act:riviera:nighttime-trivia')::uuid, 'sunday'::public.day_of_week, null, null, 'Sunday, Monday, Tuesday, Wednesday, Thursday');
insert into public.activity_schedules (id, activity_id, day_of_week, start_time, end_time, schedule_notes) values (md5('sched:act:riviera:nighttime-trivia:monday')::uuid, md5('act:riviera:nighttime-trivia')::uuid, 'monday'::public.day_of_week, null, null, 'Sunday, Monday, Tuesday, Wednesday, Thursday');
insert into public.activity_schedules (id, activity_id, day_of_week, start_time, end_time, schedule_notes) values (md5('sched:act:riviera:nighttime-trivia:tuesday')::uuid, md5('act:riviera:nighttime-trivia')::uuid, 'tuesday'::public.day_of_week, null, null, 'Sunday, Monday, Tuesday, Wednesday, Thursday');
insert into public.activity_schedules (id, activity_id, day_of_week, start_time, end_time, schedule_notes) values (md5('sched:act:riviera:nighttime-trivia:wednesday')::uuid, md5('act:riviera:nighttime-trivia')::uuid, 'wednesday'::public.day_of_week, null, null, 'Sunday, Monday, Tuesday, Wednesday, Thursday');
insert into public.activity_schedules (id, activity_id, day_of_week, start_time, end_time, schedule_notes) values (md5('sched:act:riviera:nighttime-trivia:thursday')::uuid, md5('act:riviera:nighttime-trivia')::uuid, 'thursday'::public.day_of_week, null, null, 'Sunday, Monday, Tuesday, Wednesday, Thursday');
insert into public.resort_activities (id, calendar_group_key, name, normalized_name, category, section, location, schedule_text, description, is_fee_based, is_daily, source_pdf_url) values (md5('act:riviera:starlight-soiree')::uuid, 'riviera', 'Starlight Soiree', 'starlight-soiree', 'other'::public.activity_category, 'RESORT ACTIVITIES', 'Riviera Pool Deck', 'Saturday from 8:00pm-9:30pm', 'Sparkle and shine under the stars during this evening poolside party with fun and games, both in and out of the pool.', false, false, 'https://cdn1.parksmedia.wdprapps.disney.com/vision-dam/digital/parks-services/services-standard-assets/ops-comm/wdw-csd/resort-collateral/recreation/fy26-q2/DRR_Aframe_Recreation-0326.pdf');
insert into public.activity_schedules (id, activity_id, day_of_week, start_time, end_time, schedule_notes) values (md5('sched:act:riviera:starlight-soiree:saturday')::uuid, md5('act:riviera:starlight-soiree')::uuid, 'saturday'::public.day_of_week, '8:00'::time, '9:30'::time, 'Saturday from 8:00pm-9:30pm');
insert into public.resort_activities (id, calendar_group_key, name, normalized_name, category, section, location, schedule_text, description, is_fee_based, is_daily, source_pdf_url) values (md5('act:saratoga-springs:resort-spa')::uuid, 'saratoga-springs', 'Resort & Spa', 'resort-spa', 'other'::public.activity_category, 'RESORT ACTIVITIES', 'A Disney Vacation Club Resort', 'ACTIVITIES SCHEDULE TO VIEW', 'ACTIVITIES SCHEDULE TO VIEW THIS INFORMATION DIGITALLY! ‘<Dienepy FAMILY WELLNESS', false, false, 'https://cdn1.parksmedia.wdprapps.disney.com/vision-dam/digital/parks-services/services-standard-assets/ops-comm/wdw-csd/resort-collateral/recreation/fy26-q2/SSR_Aframe_Recreation-0326.pdf');
insert into public.resort_activities (id, calendar_group_key, name, normalized_name, category, section, location, schedule_text, description, is_fee_based, is_daily, source_pdf_url) values (md5('act:saratoga-springs:disney-fit-yoga')::uuid, 'saratoga-springs', 'Disney Fit Yoga', 'disney-fit-yoga', 'fitness_wellness'::public.activity_category, 'RESORT ACTIVITIES', 'Congress Park—Overlooking Disney Springs®', 'Tuesday at 9:00am', 'Ground yourself with a gentle yoga session to start your day. Designed for all skill levels, this experience incorporates various poses set to your favorite Disney music!', false, false, 'https://cdn1.parksmedia.wdprapps.disney.com/vision-dam/digital/parks-services/services-standard-assets/ops-comm/wdw-csd/resort-collateral/recreation/fy26-q2/SSR_Aframe_Recreation-0326.pdf');
insert into public.activity_schedules (id, activity_id, day_of_week, start_time, end_time, schedule_notes) values (md5('sched:act:saratoga-springs:disney-fit-yoga:tuesday')::uuid, md5('act:saratoga-springs:disney-fit-yoga')::uuid, 'tuesday'::public.day_of_week, '9:00'::time, null, 'Tuesday at 9:00am');
insert into public.resort_activities (id, calendar_group_key, name, normalized_name, category, section, location, schedule_text, description, is_fee_based, is_daily, source_pdf_url) values (md5('act:saratoga-springs:story-time-yoga')::uuid, 'saratoga-springs', 'Story Time Yoga', 'story-time-yoga', 'fitness_wellness'::public.activity_category, 'RESORT ACTIVITIES', 'Congress Park—Overlooking Disney Springs', 'Saturday at 9:00am', 'Get active with a session inspired by some of your Disney Friends! All ages and skill levels welcome.', false, false, 'https://cdn1.parksmedia.wdprapps.disney.com/vision-dam/digital/parks-services/services-standard-assets/ops-comm/wdw-csd/resort-collateral/recreation/fy26-q2/SSR_Aframe_Recreation-0326.pdf');
insert into public.activity_schedules (id, activity_id, day_of_week, start_time, end_time, schedule_notes) values (md5('sched:act:saratoga-springs:story-time-yoga:saturday')::uuid, md5('act:saratoga-springs:story-time-yoga')::uuid, 'saturday'::public.day_of_week, '9:00'::time, null, 'Saturday at 9:00am');
insert into public.resort_activities (id, calendar_group_key, name, normalized_name, category, section, location, schedule_text, description, is_fee_based, is_daily, source_pdf_url) values (md5('act:saratoga-springs:find-a-friend')::uuid, 'saratoga-springs', 'Find A Friend', 'find-a-friend', 'resort_activity'::public.activity_category, 'RESORT ACTIVITIES', 'Throughout Disney’s Saratoga Springs Resort', 'Daily from 10:00am-10:00pm', 'Search the Resort for a hidden Maximus photo prop. Once located, snap a photo and then head to Community Hall to receive a surprise!', false, true, 'https://cdn1.parksmedia.wdprapps.disney.com/vision-dam/digital/parks-services/services-standard-assets/ops-comm/wdw-csd/resort-collateral/recreation/fy26-q2/SSR_Aframe_Recreation-0326.pdf');
insert into public.activity_schedules (id, activity_id, is_daily, start_time, end_time, schedule_notes) values (md5('sched:act:saratoga-springs:find-a-friend')::uuid, md5('act:saratoga-springs:find-a-friend')::uuid, true, '10:00'::time, '10:00'::time, 'Daily from 10:00am-10:00pm');
insert into public.resort_activities (id, calendar_group_key, name, normalized_name, category, section, location, schedule_text, description, is_fee_based, is_daily, source_pdf_url) values (md5('act:saratoga-springs:bicycle-rentals')::uuid, 'saratoga-springs', 'Bicycle Rentals', 'bicycle-rentals', 'rental'::public.activity_category, 'RESORT ACTIVITIES', 'Horsing Around Rentals', 'Daily from 10:00am-6:30pm', 'Choose from individual bikes to two- or four-person surrey bikes for a fun family outing!', true, true, 'https://cdn1.parksmedia.wdprapps.disney.com/vision-dam/digital/parks-services/services-standard-assets/ops-comm/wdw-csd/resort-collateral/recreation/fy26-q2/SSR_Aframe_Recreation-0326.pdf');
insert into public.activity_schedules (id, activity_id, is_daily, start_time, end_time, schedule_notes) values (md5('sched:act:saratoga-springs:bicycle-rentals')::uuid, md5('act:saratoga-springs:bicycle-rentals')::uuid, true, '10:00'::time, '6:30'::time, 'Daily from 10:00am-6:30pm');
insert into public.resort_activities (id, calendar_group_key, name, normalized_name, category, section, location, schedule_text, description, is_fee_based, is_daily, source_pdf_url) values (md5('act:saratoga-springs:purple-martin-nest-checks')::uuid, 'saratoga-springs', 'Purple Martin Nest Checks', 'purple-martin-nest-checks', 'other'::public.activity_category, 'RESORT ACTIVITIES', 'Turf Club Patio', 'Monday and Friday at 9:00am', 'BEGINNING MARCH 23! Join a conservation expert from Disney’s Animals, Science and Environment team as they study these birds as part of their ongoing efforts to help protect the purple martins.', false, false, 'https://cdn1.parksmedia.wdprapps.disney.com/vision-dam/digital/parks-services/services-standard-assets/ops-comm/wdw-csd/resort-collateral/recreation/fy26-q2/SSR_Aframe_Recreation-0326.pdf');
insert into public.activity_schedules (id, activity_id, day_of_week, start_time, end_time, schedule_notes) values (md5('sched:act:saratoga-springs:purple-martin-nest-checks:monday')::uuid, md5('act:saratoga-springs:purple-martin-nest-checks')::uuid, 'monday'::public.day_of_week, '9:00'::time, null, 'Monday and Friday at 9:00am');
insert into public.activity_schedules (id, activity_id, day_of_week, start_time, end_time, schedule_notes) values (md5('sched:act:saratoga-springs:purple-martin-nest-checks:friday')::uuid, md5('act:saratoga-springs:purple-martin-nest-checks')::uuid, 'friday'::public.day_of_week, '9:00'::time, null, 'Monday and Friday at 9:00am');
insert into public.resort_activities (id, calendar_group_key, name, normalized_name, category, section, location, schedule_text, description, is_fee_based, is_daily, source_pdf_url) values (md5('act:saratoga-springs:community-hall')::uuid, 'saratoga-springs', 'Community Hall', 'community-hall', 'resort_activity'::public.activity_category, 'RESORT ACTIVITIES', 'Join us to create one-of-a-kind crafts, borrow your favorite', 'Daily from 10:00am-10:00pm', 'sports equipment, and more! Fees may apply.', false, true, 'https://cdn1.parksmedia.wdprapps.disney.com/vision-dam/digital/parks-services/services-standard-assets/ops-comm/wdw-csd/resort-collateral/recreation/fy26-q2/SSR_Aframe_Recreation-0326.pdf');
insert into public.activity_schedules (id, activity_id, is_daily, start_time, end_time, schedule_notes) values (md5('sched:act:saratoga-springs:community-hall')::uuid, md5('act:saratoga-springs:community-hall')::uuid, true, '10:00'::time, '10:00'::time, 'Daily from 10:00am-10:00pm');
insert into public.resort_activities (id, calendar_group_key, name, normalized_name, category, section, location, schedule_text, description, is_fee_based, is_daily, source_pdf_url) values (md5('act:saratoga-springs:poolside-activities')::uuid, 'saratoga-springs', 'Poolside Activities', 'poolside-activities', 'poolside'::public.activity_category, 'RESORT ACTIVITIES', 'High Rock Spring Pool Deck', 'Daily from 12:00pm-2:00pm', 'Soak in the sun with some family-friendly activities, both in and out of the water. See a Recreation Cast Member for more information.', false, true, 'https://cdn1.parksmedia.wdprapps.disney.com/vision-dam/digital/parks-services/services-standard-assets/ops-comm/wdw-csd/resort-collateral/recreation/fy26-q2/SSR_Aframe_Recreation-0326.pdf');
insert into public.activity_schedules (id, activity_id, is_daily, start_time, end_time, schedule_notes) values (md5('sched:act:saratoga-springs:poolside-activities')::uuid, md5('act:saratoga-springs:poolside-activities')::uuid, true, '12:00'::time, '2:00'::time, 'Daily from 12:00pm-2:00pm');
insert into public.resort_activities (id, calendar_group_key, name, normalized_name, category, section, location, schedule_text, description, is_fee_based, is_daily, source_pdf_url) values (md5('act:saratoga-springs:mickey-tie-dye')::uuid, 'saratoga-springs', 'Mickey Tie-Dye', 'mickey-tie-dye', 'arts_crafts'::public.activity_category, 'RESORT ACTIVITIES', 'Outside of Community Hall', 'Sunday, Tuesday, Wednesday,', 'Friday and Saturday from 2:30pm-3:30pm Get creative with a Disney twist on this arts and crafts favorite!', true, false, 'https://cdn1.parksmedia.wdprapps.disney.com/vision-dam/digital/parks-services/services-standard-assets/ops-comm/wdw-csd/resort-collateral/recreation/fy26-q2/SSR_Aframe_Recreation-0326.pdf');
insert into public.activity_schedules (id, activity_id, day_of_week, start_time, end_time, schedule_notes) values (md5('sched:act:saratoga-springs:mickey-tie-dye:sunday')::uuid, md5('act:saratoga-springs:mickey-tie-dye')::uuid, 'sunday'::public.day_of_week, null, null, 'Sunday, Tuesday, Wednesday,');
insert into public.activity_schedules (id, activity_id, day_of_week, start_time, end_time, schedule_notes) values (md5('sched:act:saratoga-springs:mickey-tie-dye:tuesday')::uuid, md5('act:saratoga-springs:mickey-tie-dye')::uuid, 'tuesday'::public.day_of_week, null, null, 'Sunday, Tuesday, Wednesday,');
insert into public.activity_schedules (id, activity_id, day_of_week, start_time, end_time, schedule_notes) values (md5('sched:act:saratoga-springs:mickey-tie-dye:wednesday')::uuid, md5('act:saratoga-springs:mickey-tie-dye')::uuid, 'wednesday'::public.day_of_week, null, null, 'Sunday, Tuesday, Wednesday,');
insert into public.resort_activities (id, calendar_group_key, name, normalized_name, category, section, location, schedule_text, description, is_fee_based, is_daily, source_pdf_url) values (md5('act:saratoga-springs:campfire')::uuid, 'saratoga-springs', 'Campfire', 'campfire', 'campfire'::public.activity_category, 'RESORT ACTIVITIES', 'Disney Vacation Club® Courtyard at Franklin Square', 'Nightly from 6:00pm-7:00pm', 'Enjoy the warm glow of the campfire with complimentary marshmallows. S’mores kits available for purchase.', false, true, 'https://cdn1.parksmedia.wdprapps.disney.com/vision-dam/digital/parks-services/services-standard-assets/ops-comm/wdw-csd/resort-collateral/recreation/fy26-q2/SSR_Aframe_Recreation-0326.pdf');
insert into public.activity_schedules (id, activity_id, is_daily, start_time, end_time, schedule_notes) values (md5('sched:act:saratoga-springs:campfire')::uuid, md5('act:saratoga-springs:campfire')::uuid, true, '6:00'::time, '7:00'::time, 'Nightly from 6:00pm-7:00pm');
insert into public.resort_activities (id, calendar_group_key, name, normalized_name, category, section, location, schedule_text, description, is_fee_based, is_daily, source_pdf_url) values (md5('act:saratoga-springs:glow-with-the-flow')::uuid, 'saratoga-springs', 'Glow With The Flow', 'glow-with-the-flow', 'nighttime_entertainment'::public.activity_category, 'RESORT ACTIVITIES', 'High Rock Spring Pool Deck', 'Sunday and Thursday from 7:30pm-8:30pm', 'Light the night with our evening poolside activities.', false, false, 'https://cdn1.parksmedia.wdprapps.disney.com/vision-dam/digital/parks-services/services-standard-assets/ops-comm/wdw-csd/resort-collateral/recreation/fy26-q2/SSR_Aframe_Recreation-0326.pdf');
insert into public.activity_schedules (id, activity_id, day_of_week, start_time, end_time, schedule_notes) values (md5('sched:act:saratoga-springs:glow-with-the-flow:sunday')::uuid, md5('act:saratoga-springs:glow-with-the-flow')::uuid, 'sunday'::public.day_of_week, '7:30'::time, '8:30'::time, 'Sunday and Thursday from 7:30pm-8:30pm');
insert into public.activity_schedules (id, activity_id, day_of_week, start_time, end_time, schedule_notes) values (md5('sched:act:saratoga-springs:glow-with-the-flow:thursday')::uuid, md5('act:saratoga-springs:glow-with-the-flow')::uuid, 'thursday'::public.day_of_week, '7:30'::time, '8:30'::time, 'Sunday and Thursday from 7:30pm-8:30pm');
insert into public.resort_activities (id, calendar_group_key, name, normalized_name, category, section, location, schedule_text, description, is_fee_based, is_daily, source_pdf_url) values (md5('act:saratoga-springs:nighttime-bingo')::uuid, 'saratoga-springs', 'Nighttime Bingo', 'nighttime-bingo', 'nighttime_entertainment'::public.activity_category, 'RESORT ACTIVITIES', 'Turf Club Bar and Grill', 'Tuesday from 7:30pm-8:30pm', 'Bring the family together for an unforgettable night full of fun and prizes!', false, false, 'https://cdn1.parksmedia.wdprapps.disney.com/vision-dam/digital/parks-services/services-standard-assets/ops-comm/wdw-csd/resort-collateral/recreation/fy26-q2/SSR_Aframe_Recreation-0326.pdf');
insert into public.activity_schedules (id, activity_id, day_of_week, start_time, end_time, schedule_notes) values (md5('sched:act:saratoga-springs:nighttime-bingo:tuesday')::uuid, md5('act:saratoga-springs:nighttime-bingo')::uuid, 'tuesday'::public.day_of_week, '7:30'::time, '8:30'::time, 'Tuesday from 7:30pm-8:30pm');
insert into public.resort_activities (id, calendar_group_key, name, normalized_name, category, section, location, schedule_text, description, is_fee_based, is_daily, source_pdf_url) values (md5('act:saratoga-springs:painting-experience')::uuid, 'saratoga-springs', 'Painting Experience', 'painting-experience', 'arts_crafts'::public.activity_category, 'SIGNATURE ACTIVITIES', 'Get in touch with your inner artist in this unique', 'Thursday at 2:30pm', '2-hour instructor-led painting class! This experience is recommended for Guests ages 12 and up. Space is limited. To book, visit or call the Community Hall at 407-827-4589. ($) There is a fee associated with this activity. Hours of operation, lifeguard availability, and other offerings are subject to closures, weather conditions, and change or cancellation without notice. 0326', true, false, 'https://cdn1.parksmedia.wdprapps.disney.com/vision-dam/digital/parks-services/services-standard-assets/ops-comm/wdw-csd/resort-collateral/recreation/fy26-q2/SSR_Aframe_Recreation-0326.pdf');
insert into public.activity_schedules (id, activity_id, day_of_week, start_time, end_time, schedule_notes) values (md5('sched:act:saratoga-springs:painting-experience:thursday')::uuid, md5('act:saratoga-springs:painting-experience')::uuid, 'thursday'::public.day_of_week, '2:30'::time, null, 'Thursday at 2:30pm');
insert into public.resort_activities (id, calendar_group_key, name, normalized_name, category, section, location, schedule_text, description, is_fee_based, is_daily, source_pdf_url) values (md5('act:fort-wilderness:chip-n-dales-campfire-sing-a-long')::uuid, 'fort-wilderness', 'Chip ''N'' Dale''s Campfire Sing-A-Long', 'chip-n-dales-campfire-sing-a-long', 'campfire'::public.activity_category, 'RESORT ACTIVITIES', 'Chip''s Campfire Sing-A-Long', 'Nightly', null, false, true, null);
insert into public.activity_schedules (id, activity_id, is_daily, start_time, end_time, schedule_notes) values (md5('sched:act:fort-wilderness:chip-n-dales-campfire-sing-a-long')::uuid, md5('act:fort-wilderness:chip-n-dales-campfire-sing-a-long')::uuid, true, null, null, 'Nightly');
insert into public.resort_activities (id, calendar_group_key, name, normalized_name, category, section, location, schedule_text, description, is_fee_based, is_daily, source_pdf_url) values (md5('act:fort-wilderness:fort-wilderness-archery-experience')::uuid, 'fort-wilderness', 'Fort Wilderness Archery Experience', 'fort-wilderness-archery-experience', 'resort_activity'::public.activity_category, 'RESORT ACTIVITIES', null, null, null, true, false, null);
insert into public.resort_activities (id, calendar_group_key, name, normalized_name, category, section, location, schedule_text, description, is_fee_based, is_daily, source_pdf_url) values (md5('act:fort-wilderness:tri-circle-d-ranch-pony-rides')::uuid, 'fort-wilderness', 'Tri-Circle-D Ranch Pony Rides', 'tri-circle-d-ranch-pony-rides', 'resort_activity'::public.activity_category, 'RESORT ACTIVITIES', 'Tri-Circle-D Ranch', null, null, true, false, null);
insert into public.resort_activities (id, calendar_group_key, name, normalized_name, category, section, location, schedule_text, description, is_fee_based, is_daily, source_pdf_url) values (md5('act:fort-wilderness:tri-circle-d-ranch-wagon-rides')::uuid, 'fort-wilderness', 'Tri-Circle-D Ranch Wagon Rides', 'tri-circle-d-ranch-wagon-rides', 'resort_activity'::public.activity_category, 'RESORT ACTIVITIES', 'Tri-Circle-D Ranch', null, null, true, false, null);
insert into public.resort_activities (id, calendar_group_key, name, normalized_name, category, section, location, schedule_text, description, is_fee_based, is_daily, source_pdf_url) values (md5('act:fort-wilderness:horse-drawn-excursion-carriage-ride')::uuid, 'fort-wilderness', 'Horse Drawn Excursion – Carriage Ride', 'horse-drawn-excursion-carriage-ride', 'resort_activity'::public.activity_category, 'RESORT ACTIVITIES', null, null, null, true, false, null);
insert into public.resort_activities (id, calendar_group_key, name, normalized_name, category, section, location, schedule_text, description, is_fee_based, is_daily, source_pdf_url) values (md5('act:fort-wilderness:holiday-sleigh-rides')::uuid, 'fort-wilderness', 'Holiday Sleigh Rides', 'holiday-sleigh-rides', 'resort_activity'::public.activity_category, 'RESORT ACTIVITIES', null, null, null, true, false, null);
insert into public.resort_activities (id, calendar_group_key, name, normalized_name, category, section, location, schedule_text, description, is_fee_based, is_daily, source_pdf_url) values (md5('act:fort-wilderness:bike-rentals')::uuid, 'fort-wilderness', 'Bike Rentals', 'bike-rentals', 'rental'::public.activity_category, 'RESORT ACTIVITIES', null, null, null, true, false, null);
insert into public.resort_activities (id, calendar_group_key, name, normalized_name, category, section, location, schedule_text, description, is_fee_based, is_daily, source_pdf_url) values (md5('act:fort-wilderness:canoe-rentals')::uuid, 'fort-wilderness', 'Canoe Rentals', 'canoe-rentals', 'rental'::public.activity_category, 'RESORT ACTIVITIES', null, null, null, true, false, null);
insert into public.resort_activities (id, calendar_group_key, name, normalized_name, category, section, location, schedule_text, description, is_fee_based, is_daily, source_pdf_url) values (md5('act:fort-wilderness:kayak-rentals')::uuid, 'fort-wilderness', 'Kayak Rentals', 'kayak-rentals', 'rental'::public.activity_category, 'RESORT ACTIVITIES', null, null, null, true, false, null);
insert into public.resort_activities (id, calendar_group_key, name, normalized_name, category, section, location, schedule_text, description, is_fee_based, is_daily, source_pdf_url) values (md5('act:fort-wilderness:movies-under-the-stars')::uuid, 'fort-wilderness', 'Movies Under the Stars', 'movies-under-the-stars', 'movies_under_stars'::public.activity_category, 'MOVIE UNDER THE STARS', null, null, null, false, false, null);
insert into public.resort_activities (id, calendar_group_key, name, normalized_name, category, section, location, schedule_text, description, is_fee_based, is_daily, source_pdf_url) values (md5('act:fort-wilderness:wilderness-back-trail-adventure')::uuid, 'fort-wilderness', 'Wilderness Back Trail Adventure', 'wilderness-back-trail-adventure', 'resort_activity'::public.activity_category, 'RESORT ACTIVITIES', null, null, null, true, false, null);
insert into public.resort_activities (id, calendar_group_key, name, normalized_name, category, section, location, schedule_text, description, is_fee_based, is_daily, source_pdf_url) values (md5('act:fort-wilderness:davy-crocketts-wilderness-arcade')::uuid, 'fort-wilderness', 'Davy Crockett''s Wilderness Arcade', 'davy-crocketts-wilderness-arcade', 'arcade'::public.activity_category, 'RESORT ACTIVITIES', null, null, null, true, false, null);
insert into public.resort_activities (id, calendar_group_key, name, normalized_name, category, section, location, schedule_text, description, is_fee_based, is_daily, source_pdf_url) values (md5('act:fort-wilderness:daniel-boones-wilderness-arcade')::uuid, 'fort-wilderness', 'Daniel Boone''s Wilderness Arcade', 'daniel-boones-wilderness-arcade', 'arcade'::public.activity_category, 'RESORT ACTIVITIES', null, null, null, true, false, null);
insert into public.resort_activities (id, calendar_group_key, name, normalized_name, category, section, location, schedule_text, description, is_fee_based, is_daily, source_pdf_url) values (md5('act:fort-wilderness:electrical-water-pageant')::uuid, 'fort-wilderness', 'Electrical Water Pageant', 'electrical-water-pageant', 'nighttime_entertainment'::public.activity_category, 'RESORT ACTIVITIES', null, null, 'Viewable from resort waterfront areas.', false, false, null);
